ID,User_ID,Game_ID,Points,Role,Active
100,3,100,0,ATTACKER,1
101,4,100,0,DEFENDER,1
102,103,100,0,OBSERVER,1
103,5,100,0,ATTACKER,1
104,6,100,0,DEFENDER,1
105,3,101,0,ATTACKER,1
106,4,101,0,DEFENDER,1
107,103,101,0,OBSERVER,1
108,5,101,0,ATTACKER,1
109,6,101,0,DEFENDER,1
110,3,102,0,ATTACKER,1
111,4,102,0,DEFENDER,1
112,103,102,0,OBSERVER,1
113,5,102,0,ATTACKER,1
114,6,102,0,DEFENDER,1
115,3,103,0,ATTACKER,1
116,4,103,0,DEFENDER,1
117,103,103,0,OBSERVER,1
118,5,103,0,ATTACKER,1
119,6,103,0,DEFENDER,1
120,3,104,0,ATTACKER,1
121,4,104,0,DEFENDER,1
122,103,104,0,OBSERVER,1
123,3,105,0,ATTACKER,1
124,4,105,0,DEFENDER,1
125,103,105,0,OBSERVER,1
126,5,105,0,ATTACKER,1
127,6,105,0,DEFENDER,1
128,3,106,0,ATTACKER,1
129,4,106,0,DEFENDER,1
130,103,106,0,OBSERVER,1
131,6,106,0,DEFENDER,1
132,3,107,0,ATTACKER,1
133,4,107,0,DEFENDER,1
134,103,107,0,OBSERVER,1
135,5,107,0,ATTACKER,1
136,6,107,0,DEFENDER,1
137,3,108,0,ATTACKER,1
138,4,108,0,DEFENDER,1
139,103,108,0,OBSERVER,1
140,5,108,0,ATTACKER,1
141,6,108,0,DEFENDER,1
142,3,109,0,ATTACKER,1
143,4,109,0,DEFENDER,1
144,103,109,0,OBSERVER,1
145,5,109,0,ATTACKER,1
146,6,109,0,DEFENDER,1
147,3,110,0,ATTACKER,1
148,4,110,0,DEFENDER,1
149,103,110,0,OBSERVER,1
150,6,110,0,DEFENDER,1
152,3,111,0,ATTACKER,1
153,4,111,0,DEFENDER,1
154,103,111,0,OBSERVER,1
155,5,111,0,ATTACKER,1
156,6,111,1,DEFENDER,1
157,3,112,0,ATTACKER,1
158,4,112,0,DEFENDER,1
159,103,112,0,OBSERVER,1
160,5,112,0,ATTACKER,1
161,6,112,0,DEFENDER,1
162,3,113,0,ATTACKER,1
163,4,113,0,DEFENDER,1
164,103,113,0,OBSERVER,1
165,5,113,0,ATTACKER,1
166,3,114,0,ATTACKER,1
167,4,114,0,DEFENDER,1
168,103,114,1,DEFENDER,1
169,5,114,0,ATTACKER,1
170,3,115,0,ATTACKER,1
171,4,115,0,DEFENDER,1
172,103,115,0,OBSERVER,1
173,5,115,0,ATTACKER,1
174,6,115,0,DEFENDER,1
175,3,116,0,ATTACKER,1
176,4,116,0,DEFENDER,1
177,103,116,0,OBSERVER,1
178,5,116,0,ATTACKER,1
179,6,116,0,DEFENDER,1
180,3,117,0,ATTACKER,1
181,3,119,0,ATTACKER,1
182,3,118,0,ATTACKER,1
183,3,120,0,ATTACKER,1
184,4,117,0,DEFENDER,1
185,4,119,0,DEFENDER,1
186,4,118,0,DEFENDER,1
187,4,120,0,DEFENDER,1
188,103,117,0,OBSERVER,1
189,3,121,0,ATTACKER,1
190,3,122,0,ATTACKER,1
191,103,119,0,OBSERVER,1
192,3,123,0,ATTACKER,1
193,103,118,0,OBSERVER,1
194,103,120,0,OBSERVER,1
195,4,121,0,DEFENDER,1
196,4,122,0,DEFENDER,1
197,4,123,0,DEFENDER,1
198,3,124,0,ATTACKER,1
199,103,121,0,OBSERVER,1
200,103,122,0,OBSERVER,1
201,103,123,0,OBSERVER,1
202,4,124,0,DEFENDER,1
203,103,124,0,OBSERVER,1
204,5,117,0,ATTACKER,1
205,5,119,0,ATTACKER,1
206,5,118,0,ATTACKER,1
207,5,120,0,ATTACKER,1
208,5,121,0,ATTACKER,1
209,5,123,0,ATTACKER,1
210,5,122,0,ATTACKER,1
211,5,124,0,ATTACKER,1
212,6,118,0,DEFENDER,1
213,6,120,0,DEFENDER,1
214,6,121,0,DEFENDER,1
215,6,123,0,DEFENDER,1
216,6,117,0,DEFENDER,1
217,6,119,0,DEFENDER,1
218,6,122,0,DEFENDER,1
219,6,124,0,DEFENDER,1
220,3,125,0,ATTACKER,1
221,3,127,0,ATTACKER,1
222,3,126,0,ATTACKER,1
223,4,125,0,DEFENDER,1
224,4,126,0,DEFENDER,1
225,4,127,0,DEFENDER,1
226,103,125,0,OBSERVER,1
227,103,126,0,OBSERVER,1
228,103,127,0,OBSERVER,1
229,5,125,0,ATTACKER,1
230,5,126,0,ATTACKER,1
231,5,127,0,ATTACKER,1
232,6,125,0,DEFENDER,1
233,6,126,0,DEFENDER,1
234,6,127,0,DEFENDER,1
235,3,128,0,ATTACKER,1
236,4,128,0,DEFENDER,1
237,103,128,0,OBSERVER,1
238,5,128,0,ATTACKER,1
239,6,128,1,DEFENDER,1
240,3,129,0,ATTACKER,1
241,4,129,0,DEFENDER,1
242,103,129,0,OBSERVER,1
243,5,129,0,ATTACKER,1
244,6,129,0,DEFENDER,1
245,3,130,0,ATTACKER,1
246,4,130,0,DEFENDER,1
247,103,130,0,OBSERVER,1
248,5,130,0,ATTACKER,1
249,6,130,0,DEFENDER,1
250,3,131,0,ATTACKER,1
251,4,131,0,DEFENDER,1
252,103,131,0,OBSERVER,1
253,5,131,0,ATTACKER,1
254,6,131,0,DEFENDER,1
255,3,132,0,ATTACKER,1
256,4,132,0,DEFENDER,1
257,103,132,0,OBSERVER,1
258,5,132,0,ATTACKER,1
259,6,132,0,DEFENDER,1
260,3,133,0,ATTACKER,1
261,4,133,0,DEFENDER,1
262,103,133,0,OBSERVER,1
263,5,133,0,ATTACKER,1
264,6,133,0,DEFENDER,1
265,3,134,0,ATTACKER,1
266,4,134,0,DEFENDER,1
267,103,134,0,OBSERVER,1
268,5,134,0,ATTACKER,1
269,6,134,0,DEFENDER,1
270,3,135,0,ATTACKER,1
271,4,135,0,DEFENDER,1
272,103,135,0,OBSERVER,1
273,5,135,0,ATTACKER,1
274,6,135,0,DEFENDER,1
275,3,136,0,ATTACKER,1
276,4,136,0,DEFENDER,1
277,103,136,0,OBSERVER,1
278,5,136,0,ATTACKER,1
279,6,136,0,DEFENDER,1
280,3,137,0,ATTACKER,1
281,4,137,0,DEFENDER,1
282,103,137,0,OBSERVER,1
283,5,137,0,ATTACKER,1
284,6,137,0,DEFENDER,1
285,3,138,0,ATTACKER,1
286,4,138,0,DEFENDER,1
287,103,138,0,OBSERVER,1
288,5,138,0,ATTACKER,1
289,6,138,0,DEFENDER,1
290,3,139,0,ATTACKER,1
291,4,139,0,DEFENDER,1
292,103,139,0,OBSERVER,1
293,5,139,0,ATTACKER,1
294,6,139,0,DEFENDER,1
295,3,140,0,ATTACKER,1
296,4,140,0,DEFENDER,1
297,103,140,0,OBSERVER,1
298,5,140,0,ATTACKER,1
299,6,140,0,DEFENDER,1
300,3,141,0,ATTACKER,1
301,4,141,0,DEFENDER,1
302,103,141,0,OBSERVER,1
303,5,141,0,ATTACKER,1
304,6,141,0,DEFENDER,1
305,3,142,0,ATTACKER,1
306,4,142,0,DEFENDER,1
307,103,142,0,OBSERVER,1
308,5,142,0,ATTACKER,1
309,6,142,0,DEFENDER,1
310,3,143,0,ATTACKER,1
311,4,143,0,DEFENDER,1
312,103,143,0,OBSERVER,1
313,5,143,0,ATTACKER,1
314,6,143,0,DEFENDER,1
315,3,144,0,ATTACKER,1
316,4,144,0,DEFENDER,1
317,103,144,0,OBSERVER,1
318,5,144,0,ATTACKER,1
319,6,144,0,DEFENDER,1
320,3,145,0,ATTACKER,1
321,4,145,0,DEFENDER,1
322,103,145,0,OBSERVER,1
323,5,145,0,ATTACKER,1
324,6,145,0,DEFENDER,1
325,3,146,0,ATTACKER,1
326,4,146,0,DEFENDER,1
327,103,146,0,OBSERVER,1
328,5,146,0,ATTACKER,1
329,6,146,0,DEFENDER,1
330,3,147,0,ATTACKER,1
331,4,147,0,DEFENDER,1
332,103,147,0,OBSERVER,1
333,5,147,0,ATTACKER,1
334,6,147,0,DEFENDER,1
335,3,148,0,ATTACKER,1
336,4,148,0,DEFENDER,1
337,103,148,0,OBSERVER,1
338,5,148,0,ATTACKER,1
339,6,148,0,DEFENDER,1
340,3,149,0,ATTACKER,1
341,4,149,0,DEFENDER,1
342,103,149,0,OBSERVER,1
343,5,149,0,ATTACKER,1
344,6,149,0,DEFENDER,1
345,3,150,0,ATTACKER,1
346,4,150,0,DEFENDER,1
347,103,150,0,OBSERVER,1
348,5,150,0,ATTACKER,1
349,6,150,0,DEFENDER,1
350,3,151,0,ATTACKER,1
351,4,151,0,DEFENDER,1
352,103,151,0,OBSERVER,1
353,5,151,0,ATTACKER,1
354,6,151,0,DEFENDER,1
355,3,152,0,ATTACKER,1
356,4,152,0,DEFENDER,1
357,103,152,0,OBSERVER,1
358,5,152,0,ATTACKER,1
359,6,152,0,DEFENDER,1
360,3,153,0,ATTACKER,1
361,4,153,0,DEFENDER,1
362,103,153,0,OBSERVER,1
363,5,153,0,ATTACKER,1
364,6,153,0,DEFENDER,1
365,3,154,0,ATTACKER,1
366,4,154,0,DEFENDER,1
367,103,154,0,OBSERVER,1
368,5,154,0,ATTACKER,1
369,6,154,0,DEFENDER,1
370,3,155,0,ATTACKER,1
371,4,155,0,DEFENDER,1
372,103,155,0,OBSERVER,1
373,5,155,0,ATTACKER,1
374,6,155,0,DEFENDER,1
375,3,156,0,ATTACKER,1
376,4,156,0,DEFENDER,1
377,103,156,0,OBSERVER,1
378,5,156,0,ATTACKER,1
379,6,156,0,DEFENDER,1
380,3,157,0,ATTACKER,1
381,4,157,0,DEFENDER,1
382,103,157,0,OBSERVER,1
383,5,157,0,ATTACKER,1
384,6,157,0,DEFENDER,1
385,3,158,0,ATTACKER,1
386,4,158,0,DEFENDER,1
387,103,158,0,OBSERVER,1
388,5,158,0,ATTACKER,1
389,6,158,0,DEFENDER,1
390,3,159,0,ATTACKER,1
391,4,159,0,DEFENDER,1
392,103,159,0,OBSERVER,1
393,5,159,0,ATTACKER,1
394,6,159,0,DEFENDER,1
395,3,160,0,ATTACKER,1
396,4,160,0,DEFENDER,1
397,103,160,0,OBSERVER,1
398,5,160,0,ATTACKER,1
399,6,160,0,DEFENDER,1
400,3,161,0,ATTACKER,1
401,4,161,0,DEFENDER,1
402,103,161,0,OBSERVER,1
403,5,161,0,ATTACKER,1
404,6,161,0,DEFENDER,1
405,3,162,0,ATTACKER,1
406,3,164,0,ATTACKER,1
407,3,163,0,ATTACKER,1
408,4,162,0,DEFENDER,1
409,4,164,0,DEFENDER,1
410,4,163,0,DEFENDER,1
411,103,162,0,OBSERVER,1
412,103,164,0,OBSERVER,1
413,103,163,0,OBSERVER,1
414,5,162,0,ATTACKER,1
415,5,164,0,ATTACKER,1
416,5,163,0,ATTACKER,1
417,6,162,0,DEFENDER,1
418,6,164,0,DEFENDER,1
419,6,163,0,DEFENDER,1
420,3,165,0,ATTACKER,1
421,3,166,0,ATTACKER,1
422,3,167,0,ATTACKER,1
423,4,165,0,DEFENDER,1
424,4,166,0,DEFENDER,1
425,4,167,0,DEFENDER,1
426,103,165,0,OBSERVER,1
427,103,166,0,OBSERVER,1
428,103,167,0,OBSERVER,1
429,5,165,0,ATTACKER,1
430,5,166,0,ATTACKER,1
431,5,167,0,ATTACKER,1
432,6,165,0,DEFENDER,1
433,6,166,0,DEFENDER,1
434,6,167,0,DEFENDER,1
435,3,168,0,ATTACKER,1
436,3,170,0,ATTACKER,1
437,3,169,0,ATTACKER,1
438,4,168,0,DEFENDER,1
439,4,169,0,DEFENDER,1
440,4,170,0,DEFENDER,1
441,103,168,0,OBSERVER,1
442,103,169,0,OBSERVER,1
443,103,170,0,OBSERVER,1
444,5,168,0,ATTACKER,1
445,5,170,0,ATTACKER,1
446,5,169,0,ATTACKER,1
447,6,170,0,DEFENDER,1
448,6,168,0,DEFENDER,1
449,6,169,0,DEFENDER,1
450,3,171,0,ATTACKER,1
451,4,171,0,DEFENDER,1
452,103,171,0,OBSERVER,1
453,3,172,0,ATTACKER,1
454,4,172,0,DEFENDER,1
455,103,172,0,OBSERVER,1
456,5,171,0,ATTACKER,1
457,5,172,0,ATTACKER,1
458,6,171,0,DEFENDER,1
459,6,172,0,DEFENDER,1
460,3,173,0,ATTACKER,1
461,4,173,0,DEFENDER,1
462,103,173,0,OBSERVER,1
463,5,173,0,ATTACKER,1
464,6,173,0,DEFENDER,1
465,3,174,0,ATTACKER,1
466,4,174,0,DEFENDER,1
467,103,174,0,OBSERVER,1
468,5,174,0,ATTACKER,1
469,6,174,0,DEFENDER,1
470,3,175,0,ATTACKER,1
471,4,175,0,DEFENDER,1
472,103,175,0,OBSERVER,1
473,5,175,0,ATTACKER,1
474,6,175,0,DEFENDER,1
475,3,176,0,ATTACKER,1
476,4,176,0,DEFENDER,1
477,103,176,0,OBSERVER,1
478,5,176,0,ATTACKER,1
479,6,176,0,DEFENDER,1
480,3,177,0,ATTACKER,1
481,4,177,0,DEFENDER,1
482,103,177,0,OBSERVER,1
483,5,177,0,ATTACKER,1
484,6,177,0,DEFENDER,1
485,3,178,0,ATTACKER,1
486,3,179,0,ATTACKER,1
487,3,180,0,ATTACKER,1
488,4,178,0,DEFENDER,1
489,4,179,0,DEFENDER,1
490,4,180,0,DEFENDER,1
491,103,178,0,OBSERVER,1
492,103,179,0,OBSERVER,1
493,103,180,0,OBSERVER,1
494,5,180,0,ATTACKER,1
495,5,178,0,ATTACKER,1
496,5,179,0,ATTACKER,1
497,6,179,0,DEFENDER,1
498,6,178,0,DEFENDER,1
499,6,180,0,DEFENDER,1
500,3,181,0,ATTACKER,1
501,4,181,0,DEFENDER,1
502,3,182,0,ATTACKER,1
503,103,181,0,OBSERVER,1
504,4,182,0,DEFENDER,1
505,103,182,0,OBSERVER,1
506,3,183,0,ATTACKER,1
507,4,183,0,DEFENDER,1
508,103,183,0,OBSERVER,1
509,5,181,0,ATTACKER,1
510,5,182,0,ATTACKER,1
511,6,181,0,DEFENDER,1
512,6,182,0,DEFENDER,1
513,5,183,0,ATTACKER,1
514,6,183,0,DEFENDER,1
515,3,184,0,ATTACKER,1
516,4,184,0,DEFENDER,1
517,103,184,0,OBSERVER,1
518,5,184,0,ATTACKER,1
519,6,184,0,DEFENDER,1
520,3,185,0,ATTACKER,1
521,4,185,0,DEFENDER,1
522,103,185,0,OBSERVER,1
523,5,185,0,ATTACKER,1
524,6,185,0,DEFENDER,1
525,3,186,0,ATTACKER,1
526,4,186,0,DEFENDER,1
527,103,186,0,OBSERVER,1
528,5,186,0,ATTACKER,1
529,6,186,0,DEFENDER,1
530,3,187,0,ATTACKER,1
531,4,187,0,DEFENDER,1
532,103,187,0,OBSERVER,1
533,5,187,0,ATTACKER,1
534,6,187,0,DEFENDER,1
535,3,188,0,ATTACKER,1
536,4,188,0,DEFENDER,1
537,103,188,0,OBSERVER,1
538,5,188,0,ATTACKER,1
539,6,188,0,DEFENDER,1
540,3,189,0,ATTACKER,1
541,4,189,0,DEFENDER,1
542,103,189,0,OBSERVER,1
543,5,189,0,ATTACKER,1
544,6,189,0,DEFENDER,1
545,3,190,0,ATTACKER,1
546,4,190,0,DEFENDER,1
547,103,190,0,OBSERVER,1
548,5,190,0,ATTACKER,1
549,6,190,0,DEFENDER,1
550,3,191,0,ATTACKER,1
551,4,191,0,DEFENDER,1
552,103,191,0,OBSERVER,1
553,5,191,0,ATTACKER,1
554,6,191,0,DEFENDER,1
555,3,192,0,ATTACKER,1
556,4,192,0,DEFENDER,1
557,103,192,0,OBSERVER,1
558,5,192,0,ATTACKER,1
559,6,192,0,DEFENDER,1
560,3,193,0,ATTACKER,1
561,4,193,0,DEFENDER,1
562,103,193,0,OBSERVER,1
563,5,193,0,ATTACKER,1
564,6,193,0,DEFENDER,1
565,3,194,0,ATTACKER,1
566,4,194,0,DEFENDER,1
567,103,194,0,OBSERVER,1
568,5,194,0,ATTACKER,1
569,6,194,0,DEFENDER,1
570,3,195,0,ATTACKER,1
571,4,195,0,DEFENDER,1
572,103,195,0,OBSERVER,1
573,5,195,0,ATTACKER,1
574,6,195,0,DEFENDER,1
575,3,196,0,ATTACKER,1
576,4,196,0,DEFENDER,1
577,103,196,0,OBSERVER,1
578,5,196,0,ATTACKER,1
579,6,196,0,DEFENDER,1
580,3,197,0,ATTACKER,1
581,4,197,0,DEFENDER,1
582,103,197,0,OBSERVER,1
583,5,197,0,ATTACKER,1
584,6,197,0,DEFENDER,1
585,3,198,0,ATTACKER,1
586,3,199,0,ATTACKER,1
587,4,198,0,DEFENDER,1
588,3,200,0,ATTACKER,1
589,3,201,0,ATTACKER,1
590,4,199,0,DEFENDER,1
591,103,198,0,OBSERVER,1
592,4,200,0,DEFENDER,1
593,4,201,0,DEFENDER,1
594,103,199,0,OBSERVER,1
595,103,200,0,OBSERVER,1
596,103,201,0,OBSERVER,1
597,5,198,0,ATTACKER,1
598,5,199,0,ATTACKER,1
599,5,200,0,ATTACKER,1
600,5,201,0,ATTACKER,1
601,6,198,0,DEFENDER,1
602,6,199,4,DEFENDER,1
603,6,201,0,DEFENDER,1
604,6,200,3,DEFENDER,1
605,3,202,0,ATTACKER,1
606,4,202,0,DEFENDER,1
607,103,202,0,OBSERVER,1
608,5,202,0,ATTACKER,1
609,6,202,0,DEFENDER,1
610,3,203,0,ATTACKER,1
611,4,203,0,DEFENDER,1
612,3,204,0,ATTACKER,1
613,103,203,0,OBSERVER,1
614,4,204,0,DEFENDER,1
615,3,205,0,ATTACKER,1
616,3,206,0,ATTACKER,1
617,103,204,0,OBSERVER,1
618,4,205,0,DEFENDER,1
619,4,206,0,DEFENDER,1
620,103,205,0,OBSERVER,1
621,103,206,0,OBSERVER,1
622,5,203,0,ATTACKER,1
623,5,204,0,ATTACKER,1
624,5,205,0,ATTACKER,1
625,5,206,0,ATTACKER,1
626,6,203,0,DEFENDER,1
627,6,204,0,DEFENDER,1
628,6,205,0,DEFENDER,1
629,6,206,0,DEFENDER,1
630,3,207,0,ATTACKER,1
631,4,207,0,DEFENDER,1
632,103,207,0,OBSERVER,1
633,5,207,0,ATTACKER,1
634,6,207,0,DEFENDER,1
635,3,208,0,ATTACKER,1
636,4,208,0,DEFENDER,1
637,103,208,0,OBSERVER,1
638,5,208,0,ATTACKER,1
639,6,208,0,DEFENDER,1
640,3,209,0,ATTACKER,1
641,4,209,0,DEFENDER,1
642,103,209,0,OBSERVER,1
643,5,209,0,ATTACKER,1
644,6,209,0,DEFENDER,1
645,3,210,0,ATTACKER,1
646,4,210,0,DEFENDER,1
647,103,210,0,OBSERVER,1
648,5,210,0,ATTACKER,1
649,6,210,0,DEFENDER,1
650,3,211,0,ATTACKER,1
651,4,211,0,DEFENDER,1
652,103,211,0,OBSERVER,1
653,5,211,0,ATTACKER,1
654,6,211,0,DEFENDER,1
655,3,212,0,ATTACKER,1
656,4,212,0,DEFENDER,1
657,103,212,0,OBSERVER,1
658,5,212,0,ATTACKER,1
659,6,212,1,DEFENDER,1
660,3,213,0,ATTACKER,1
661,4,213,0,DEFENDER,1
662,103,213,0,OBSERVER,1
663,5,213,0,ATTACKER,1
664,6,213,0,DEFENDER,1
665,3,214,0,ATTACKER,1
666,4,214,0,DEFENDER,1
667,103,214,0,OBSERVER,1
668,5,214,0,ATTACKER,1
669,6,214,0,DEFENDER,1
670,3,215,0,ATTACKER,1
671,4,215,0,DEFENDER,1
672,103,215,0,OBSERVER,1
673,5,215,0,ATTACKER,1
674,6,215,0,DEFENDER,1
675,3,216,0,ATTACKER,1
676,4,216,0,DEFENDER,1
677,103,216,0,OBSERVER,1
678,5,216,0,ATTACKER,1
679,6,216,0,DEFENDER,1
680,3,217,0,ATTACKER,1
681,3,218,0,ATTACKER,1
682,3,219,0,ATTACKER,1
683,4,217,0,DEFENDER,1
684,4,218,0,DEFENDER,1
685,4,219,0,DEFENDER,1
686,103,217,0,OBSERVER,1
687,103,218,0,OBSERVER,1
688,103,219,0,OBSERVER,1
689,5,218,0,ATTACKER,1
690,5,217,0,ATTACKER,1
691,5,219,0,ATTACKER,1
692,6,218,0,DEFENDER,1
693,6,219,0,DEFENDER,1
694,6,217,0,DEFENDER,1
