ID,Class_ID,Level,Timestamp,Creator_ID,Prize,Defender_Value,Attacker_Value,Coverage_Goal,Mutant_Goal,Attackers_Needed,Defenders_Needed,Start_Time,Finish_Time,MaxAssertionsPerTest,MutantValidator,ChatEnabled,Attackers_Limit,Defenders_Limit,State,CurrentRound,FinalRound,ActiveRole,Mode,RequiresValidation,IsAIDummyGame,HasKillMap,CapturePlayersIntention,Puzzle_ID,EquivalenceThreshold,Game_Duration_Minutes,Classroom_ID,Invite_Only,May_Choose_Role
-1,,HARD,2026-01-31 11:51:20,,,100,100,,,0,0,2026-01-31 11:51:22,1970-02-02 02:01:01,2,MODERATE,1,0,0,FINISHED,1,5,ATTACKER,PARTY,0,0,0,0,,0,10080,,0,1
100,100,HARD,2026-01-31 14:14:26,101,1,100,100,1.1,1.1,0,0,2026-01-31 14:14:27,1970-02-02 02:01:01,2,MODERATE,0,0,0,FINISHED,1,5,ATTACKER,PARTY,0,0,0,0,,0,60,,0,1
101,100,HARD,2026-01-31 14:14:38,101,1,100,100,1.1,1.1,0,0,2026-01-31 14:14:39,1970-02-02 02:01:01,2,MODERATE,1,0,0,FINISHED,1,5,ATTACKER,PARTY,0,0,0,0,,0,60,,0,1
102,100,HARD,2026-01-31 14:15:32,101,1,100,100,1.1,1.1,0,0,2026-01-31 14:15:33,1970-02-02 02:01:01,2,MODERATE,1,0,0,FINISHED,1,5,ATTACKER,PARTY,0,0,0,0,,0,60,,0,1
103,101,HARD,2026-01-31 14:29:22,101,1,100,100,1,1,0,0,2026-01-31 14:38:05,1970-02-02 02:01:01,2,MODERATE,1,0,0,FINISHED,1,5,ATTACKER,PARTY,0,0,0,0,,0,30,,0,1
104,101,HARD,2026-01-31 15:12:23,101,1,100,100,1,1,0,0,2026-01-31 15:53:55,1970-02-02 02:01:01,2,MODERATE,1,0,0,FINISHED,1,5,ATTACKER,PARTY,0,0,0,0,,0,30,,0,1
105,101,HARD,2026-01-31 15:13:56,101,1,100,100,1,1,0,0,2026-01-31 15:13:57,1970-02-02 02:01:01,2,MODERATE,1,0,0,FINISHED,1,5,ATTACKER,PARTY,0,0,0,0,,0,30,,0,1
106,101,HARD,2026-01-31 15:13:57,101,1,100,100,1,1,0,0,2026-01-31 15:13:58,1970-02-02 02:01:01,2,MODERATE,1,0,0,FINISHED,1,5,ATTACKER,PARTY,0,0,0,0,,0,30,,0,1
107,101,HARD,2026-01-31 15:13:59,101,1,100,100,1,1,0,0,2026-01-31 15:13:59,1970-02-02 02:01:01,2,MODERATE,1,0,0,FINISHED,1,5,ATTACKER,PARTY,0,0,0,0,,0,30,,0,1
108,101,HARD,2026-01-31 15:14:00,101,1,100,100,1,1,0,0,2026-01-31 15:14:00,1970-02-02 02:01:01,2,MODERATE,1,0,0,FINISHED,1,5,ATTACKER,PARTY,0,0,0,0,,0,30,,0,1
109,101,HARD,2026-01-31 15:14:01,101,1,100,100,1,1,0,0,2026-01-31 15:14:02,1970-02-02 02:01:01,2,MODERATE,1,0,0,FINISHED,1,5,ATTACKER,PARTY,0,0,0,0,,0,30,,0,1
110,101,HARD,2026-01-31 15:55:50,101,1,100,100,1,1,0,0,2026-01-31 15:55:51,1970-02-02 02:01:01,2,MODERATE,1,0,0,FINISHED,1,5,ATTACKER,PARTY,0,0,0,0,,0,30,,0,1
111,101,HARD,2026-01-31 15:55:51,101,1,100,100,1,1,0,0,2026-01-31 15:55:52,1970-02-02 02:01:01,2,MODERATE,1,0,0,FINISHED,1,5,ATTACKER,PARTY,0,0,0,0,,0,30,,0,1
112,101,HARD,2026-01-31 15:55:52,101,1,100,100,1,1,0,0,2026-01-31 15:55:53,1970-02-02 02:01:01,2,MODERATE,1,0,0,FINISHED,1,5,ATTACKER,PARTY,0,0,0,0,,0,30,,0,1
113,101,HARD,2026-01-31 15:55:54,101,1,100,100,1,1,0,0,2026-01-31 15:55:54,1970-02-02 02:01:01,2,MODERATE,1,0,0,FINISHED,1,5,ATTACKER,PARTY,0,0,0,0,,0,30,,0,1
114,101,HARD,2026-01-31 15:55:55,101,1,100,100,1,1,0,0,2026-01-31 15:55:55,1970-02-02 02:01:01,2,MODERATE,1,0,0,FINISHED,1,5,ATTACKER,PARTY,0,0,0,0,,0,30,,0,1
115,101,HARD,2026-01-31 15:55:56,101,1,100,100,1,1,0,0,2026-01-31 15:55:56,1970-02-02 02:01:01,2,MODERATE,1,0,0,FINISHED,1,5,ATTACKER,PARTY,0,0,0,0,,0,30,,0,1
116,101,HARD,2026-01-31 15:55:57,101,1,100,100,1,1,0,0,2026-01-31 15:55:57,1970-02-02 02:01:01,2,MODERATE,1,0,0,FINISHED,1,5,ATTACKER,PARTY,0,0,0,0,,0,30,,0,1
117,101,HARD,2026-01-31 15:55:58,101,1,100,100,1,1,0,0,2026-01-31 15:55:58,1970-02-02 02:01:01,2,MODERATE,1,0,0,FINISHED,1,5,ATTACKER,PARTY,0,0,0,0,,0,30,,0,1
118,101,HARD,2026-01-31 15:55:59,101,1,100,100,1,1,0,0,2026-01-31 15:56:00,1970-02-02 02:01:01,2,MODERATE,1,0,0,FINISHED,1,5,ATTACKER,PARTY,0,0,0,0,,0,30,,0,1
119,101,HARD,2026-01-31 15:56:00,101,1,100,100,1,1,0,0,2026-01-31 15:56:01,1970-02-02 02:01:01,2,MODERATE,1,0,0,FINISHED,1,5,ATTACKER,PARTY,0,0,0,0,,0,30,,0,1
120,101,HARD,2026-01-31 16:08:30,101,1,100,100,1,1,0,0,2026-01-31 16:08:31,1970-02-02 02:01:01,2,MODERATE,1,0,0,FINISHED,1,5,ATTACKER,PARTY,0,0,0,0,,0,30,,0,1
121,101,HARD,2026-01-31 16:08:31,101,1,100,100,1,1,0,0,2026-01-31 16:08:32,1970-02-02 02:01:01,2,MODERATE,1,0,0,FINISHED,1,5,ATTACKER,PARTY,0,0,0,0,,0,30,,0,1
122,101,HARD,2026-01-31 16:08:32,101,1,100,100,1,1,0,0,2026-01-31 16:08:33,1970-02-02 02:01:01,2,MODERATE,1,0,0,FINISHED,1,5,ATTACKER,PARTY,0,0,0,0,,0,30,,0,1
123,101,HARD,2026-01-31 16:08:34,101,1,100,100,1,1,0,0,2026-01-31 16:08:34,1970-02-02 02:01:01,2,MODERATE,1,0,0,FINISHED,1,5,ATTACKER,PARTY,0,0,0,0,,0,30,,0,1
124,101,HARD,2026-01-31 16:08:35,101,1,100,100,1,1,0,0,2026-01-31 16:08:35,1970-02-02 02:01:01,2,MODERATE,1,0,0,FINISHED,1,5,ATTACKER,PARTY,0,0,0,0,,0,30,,0,1
125,101,HARD,2026-01-31 16:08:36,101,1,100,100,1,1,0,0,2026-01-31 16:08:36,1970-02-02 02:01:01,2,MODERATE,1,0,0,FINISHED,1,5,ATTACKER,PARTY,0,0,0,0,,0,30,,0,1
126,101,HARD,2026-01-31 16:08:37,101,1,100,100,1,1,0,0,2026-01-31 16:08:38,1970-02-02 02:01:01,2,MODERATE,1,0,0,FINISHED,1,5,ATTACKER,PARTY,0,0,0,0,,0,30,,0,1
127,101,HARD,2026-01-31 16:08:38,101,1,100,100,1,1,0,0,2026-01-31 16:08:39,1970-02-02 02:01:01,2,MODERATE,1,0,0,FINISHED,1,5,ATTACKER,PARTY,0,0,0,0,,0,30,,0,1
128,101,HARD,2026-01-31 16:08:39,101,1,100,100,1,1,0,0,2026-01-31 16:08:40,1970-02-02 02:01:01,2,MODERATE,1,0,0,FINISHED,1,5,ATTACKER,PARTY,0,0,0,0,,0,30,,0,1
129,101,HARD,2026-01-31 16:08:40,101,1,100,100,1,1,0,0,2026-01-31 16:08:41,1970-02-02 02:01:01,2,MODERATE,1,0,0,FINISHED,1,5,ATTACKER,PARTY,0,0,0,0,,0,30,,0,1
130,101,HARD,2026-01-31 16:12:44,101,1,100,100,1,1,0,0,2026-01-31 16:12:45,1970-02-02 02:01:01,2,MODERATE,1,0,0,FINISHED,1,5,ATTACKER,PARTY,0,0,0,0,,0,30,,0,1
131,101,HARD,2026-01-31 16:12:45,101,1,100,100,1,1,0,0,2026-01-31 16:12:46,1970-02-02 02:01:01,2,MODERATE,1,0,0,FINISHED,1,5,ATTACKER,PARTY,0,0,0,0,,0,30,,0,1
132,101,HARD,2026-01-31 16:12:46,101,1,100,100,1,1,0,0,2026-01-31 16:12:47,1970-02-02 02:01:01,2,MODERATE,1,0,0,FINISHED,1,5,ATTACKER,PARTY,0,0,0,0,,0,30,,0,1
133,101,HARD,2026-01-31 16:12:47,101,1,100,100,1,1,0,0,2026-01-31 16:12:48,1970-02-02 02:01:01,2,MODERATE,1,0,0,FINISHED,1,5,ATTACKER,PARTY,0,0,0,0,,0,30,,0,1
134,101,HARD,2026-01-31 16:12:49,101,1,100,100,1,1,0,0,2026-01-31 16:12:49,1970-02-02 02:01:01,2,MODERATE,1,0,0,FINISHED,1,5,ATTACKER,PARTY,0,0,0,0,,0,30,,0,1
135,101,HARD,2026-01-31 16:12:50,101,1,100,100,1,1,0,0,2026-01-31 16:12:50,1970-02-02 02:01:01,2,MODERATE,1,0,0,FINISHED,1,5,ATTACKER,PARTY,0,0,0,0,,0,30,,0,1
136,101,HARD,2026-01-31 16:12:51,101,1,100,100,1,1,0,0,2026-01-31 16:12:52,1970-02-02 02:01:01,2,MODERATE,1,0,0,FINISHED,1,5,ATTACKER,PARTY,0,0,0,0,,0,30,,0,1
137,101,HARD,2026-01-31 16:12:52,101,1,100,100,1,1,0,0,2026-01-31 16:12:53,1970-02-02 02:01:01,2,MODERATE,1,0,0,FINISHED,1,5,ATTACKER,PARTY,0,0,0,0,,0,30,,0,1
138,101,HARD,2026-01-31 16:12:53,101,1,100,100,1,1,0,0,2026-01-31 16:12:54,1970-02-02 02:01:01,2,MODERATE,1,0,0,FINISHED,1,5,ATTACKER,PARTY,0,0,0,0,,0,30,,0,1
139,101,HARD,2026-01-31 16:12:55,101,1,100,100,1,1,0,0,2026-01-31 16:12:55,1970-02-02 02:01:01,2,MODERATE,1,0,0,FINISHED,1,5,ATTACKER,PARTY,0,0,0,0,,0,30,,0,1
140,100,HARD,2026-01-31 16:18:02,101,1,100,100,1.1,1.1,0,0,2026-01-31 16:18:03,1970-02-02 02:01:01,2,MODERATE,1,0,0,FINISHED,1,5,ATTACKER,PARTY,0,0,0,0,,0,15,,0,1
141,100,HARD,2026-01-31 16:19:11,101,1,100,100,1.1,1.1,0,0,2026-01-31 16:19:22,1970-02-02 02:01:01,2,MODERATE,1,0,0,FINISHED,1,5,ATTACKER,PARTY,0,0,0,0,,0,60,,0,1
142,100,HARD,2026-01-31 17:51:02,101,1,100,100,1.1,1.1,0,0,2026-01-31 17:51:04,1970-02-02 02:01:01,2,MODERATE,1,0,0,FINISHED,1,5,ATTACKER,PARTY,0,0,0,0,,0,60,,0,1
143,101,HARD,2026-02-01 16:12:05,101,1,100,100,1,1,0,0,2026-02-01 16:29:11,1970-02-02 02:01:01,2,MODERATE,1,0,0,FINISHED,1,5,ATTACKER,PARTY,0,0,0,0,,0,30,,0,1
144,101,HARD,2026-02-01 16:12:06,101,1,100,100,1,1,0,0,2026-02-01 16:29:11,1970-02-02 02:01:01,2,MODERATE,1,0,0,FINISHED,1,5,ATTACKER,PARTY,0,0,0,0,,0,30,,0,1
145,101,HARD,2026-02-01 16:12:06,101,1,100,100,1,1,0,0,2026-02-01 16:29:11,1970-02-02 02:01:01,2,MODERATE,1,0,0,FINISHED,1,5,ATTACKER,PARTY,0,0,0,0,,0,30,,0,1
146,100,HARD,2026-02-01 16:12:06,101,1,100,100,1,1,0,0,2026-02-01 16:29:11,1970-02-02 02:01:01,2,MODERATE,1,0,0,FINISHED,1,5,ATTACKER,PARTY,0,0,0,0,,0,30,,0,1
147,100,HARD,2026-02-01 16:12:07,101,1,100,100,1,1,0,0,2026-02-01 16:29:11,1970-02-02 02:01:01,2,MODERATE,1,0,0,FINISHED,1,5,ATTACKER,PARTY,0,0,0,0,,0,30,,0,1
148,101,HARD,2026-02-01 16:28:39,101,1,100,100,1,1,0,0,2026-02-01 16:29:11,1970-02-02 02:01:01,2,MODERATE,1,0,0,FINISHED,1,5,ATTACKER,PARTY,0,0,0,0,,0,30,,0,1
149,101,HARD,2026-02-01 16:28:40,101,1,100,100,1,1,0,0,2026-02-01 16:29:11,1970-02-02 02:01:01,2,MODERATE,1,0,0,FINISHED,1,5,ATTACKER,PARTY,0,0,0,0,,0,30,,0,1
150,101,HARD,2026-02-01 16:28:41,101,1,100,100,1,1,0,0,2026-02-01 16:29:11,1970-02-02 02:01:01,2,MODERATE,1,0,0,FINISHED,1,5,ATTACKER,PARTY,0,0,0,0,,0,30,,0,1
151,100,HARD,2026-02-01 16:28:42,101,1,100,100,1,1,0,0,2026-02-01 16:29:11,1970-02-02 02:01:01,2,MODERATE,1,0,0,FINISHED,1,5,ATTACKER,PARTY,0,0,0,0,,0,30,,0,1
152,100,HARD,2026-02-01 16:28:43,101,1,100,100,1,1,0,0,2026-02-01 16:29:11,1970-02-02 02:01:01,2,MODERATE,1,0,0,FINISHED,1,5,ATTACKER,PARTY,0,0,0,0,,0,30,,0,1
153,101,HARD,2026-02-01 16:29:24,101,1,100,100,1,1,0,0,2026-02-01 16:40:06,1970-02-02 02:01:01,2,MODERATE,1,0,0,FINISHED,1,5,ATTACKER,PARTY,0,0,0,0,,0,30,,0,1
154,101,HARD,2026-02-01 16:29:25,101,1,100,100,1,1,0,0,2026-02-01 16:40:06,1970-02-02 02:01:01,2,MODERATE,1,0,0,FINISHED,1,5,ATTACKER,PARTY,0,0,0,0,,0,30,,0,1
155,101,HARD,2026-02-01 16:29:26,101,1,100,100,1,1,0,0,2026-02-01 16:40:06,1970-02-02 02:01:01,2,MODERATE,1,0,0,FINISHED,1,5,ATTACKER,PARTY,0,0,0,0,,0,30,,0,1
156,100,HARD,2026-02-01 16:29:27,101,1,100,100,1,1,0,0,2026-02-01 16:40:06,1970-02-02 02:01:01,2,MODERATE,1,0,0,FINISHED,1,5,ATTACKER,PARTY,0,0,0,0,,0,30,,0,1
157,100,HARD,2026-02-01 16:29:28,101,1,100,100,1,1,0,0,2026-02-01 16:40:06,1970-02-02 02:01:01,2,MODERATE,1,0,0,FINISHED,1,5,ATTACKER,PARTY,0,0,0,0,,0,30,,0,1
158,101,HARD,2026-02-01 16:40:22,101,1,100,100,1,1,0,0,2026-02-01 16:40:58,1970-02-02 02:01:01,2,MODERATE,1,0,0,FINISHED,1,5,ATTACKER,PARTY,0,0,0,0,,0,30,,0,1
159,101,HARD,2026-02-01 16:40:23,101,1,100,100,1,1,0,0,2026-02-01 16:40:58,1970-02-02 02:01:01,2,MODERATE,1,0,0,FINISHED,1,5,ATTACKER,PARTY,0,0,0,0,,0,30,,0,1
160,101,HARD,2026-02-01 16:40:24,101,1,100,100,1,1,0,0,2026-02-01 16:40:58,1970-02-02 02:01:01,2,MODERATE,1,0,0,FINISHED,1,5,ATTACKER,PARTY,0,0,0,0,,0,30,,0,1
161,100,HARD,2026-02-01 16:40:25,101,1,100,100,1,1,0,0,2026-02-01 16:40:58,1970-02-02 02:01:01,2,MODERATE,1,0,0,FINISHED,1,5,ATTACKER,PARTY,0,0,0,0,,0,30,,0,1
162,100,HARD,2026-02-01 16:40:26,101,1,100,100,1,1,0,0,2026-02-01 16:40:58,1970-02-02 02:01:01,2,MODERATE,1,0,0,FINISHED,1,5,ATTACKER,PARTY,0,0,0,0,,0,30,,0,1
163,101,HARD,2026-02-01 16:41:11,101,1,100,100,1,1,0,0,2026-02-01 16:42:45,1970-02-02 02:01:01,2,MODERATE,1,0,0,FINISHED,1,5,ATTACKER,PARTY,0,0,0,0,,0,30,,0,1
164,101,HARD,2026-02-01 16:41:12,101,1,100,100,1,1,0,0,2026-02-01 16:42:45,1970-02-02 02:01:01,2,MODERATE,1,0,0,FINISHED,1,5,ATTACKER,PARTY,0,0,0,0,,0,30,,0,1
165,101,HARD,2026-02-01 16:41:13,101,1,100,100,1,1,0,0,2026-02-01 16:42:45,1970-02-02 02:01:01,2,MODERATE,1,0,0,FINISHED,1,5,ATTACKER,PARTY,0,0,0,0,,0,30,,0,1
166,100,HARD,2026-02-01 16:41:14,101,1,100,100,1,1,0,0,2026-02-01 16:42:45,1970-02-02 02:01:01,2,MODERATE,1,0,0,FINISHED,1,5,ATTACKER,PARTY,0,0,0,0,,0,30,,0,1
167,100,HARD,2026-02-01 16:41:15,101,1,100,100,1,1,0,0,2026-02-01 16:42:45,1970-02-02 02:01:01,2,MODERATE,1,0,0,FINISHED,1,5,ATTACKER,PARTY,0,0,0,0,,0,30,,0,1
168,100,HARD,2026-02-01 16:41:16,101,1,100,100,1,1,0,0,2026-02-01 16:42:45,1970-02-02 02:01:01,2,MODERATE,1,0,0,FINISHED,1,5,ATTACKER,PARTY,0,0,0,0,,0,30,,0,1
169,100,HARD,2026-02-01 16:41:16,101,1,100,100,1,1,0,0,2026-02-01 16:42:45,1970-02-02 02:01:01,2,MODERATE,1,0,0,FINISHED,1,5,ATTACKER,PARTY,0,0,0,0,,0,30,,0,1
170,100,HARD,2026-02-01 16:41:17,101,1,100,100,1,1,0,0,2026-02-01 16:42:45,1970-02-02 02:01:01,2,MODERATE,1,0,0,FINISHED,1,5,ATTACKER,PARTY,0,0,0,0,,0,30,,0,1
171,100,HARD,2026-02-01 16:41:18,101,1,100,100,1,1,0,0,2026-02-01 16:42:45,1970-02-02 02:01:01,2,MODERATE,1,0,0,FINISHED,1,5,ATTACKER,PARTY,0,0,0,0,,0,30,,0,1
172,101,HARD,2026-02-01 16:41:18,101,1,100,100,1,1,0,0,2026-02-01 16:42:45,1970-02-02 02:01:01,2,MODERATE,1,0,0,FINISHED,1,5,ATTACKER,PARTY,0,0,0,0,,0,30,,0,1
173,101,HARD,2026-02-01 16:41:19,101,1,100,100,1,1,0,0,2026-02-01 16:42:45,1970-02-02 02:01:01,2,MODERATE,1,0,0,FINISHED,1,5,ATTACKER,PARTY,0,0,0,0,,0,30,,0,1
174,101,HARD,2026-02-01 16:41:20,101,1,100,100,1,1,0,0,2026-02-01 16:42:45,1970-02-02 02:01:01,2,MODERATE,1,0,0,FINISHED,1,5,ATTACKER,PARTY,0,0,0,0,,0,30,,0,1
175,101,HARD,2026-02-01 16:41:20,101,1,100,100,1,1,0,0,2026-02-01 16:42:45,1970-02-02 02:01:01,2,MODERATE,1,0,0,FINISHED,1,5,ATTACKER,PARTY,0,0,0,0,,0,30,,0,1
176,101,HARD,2026-02-01 16:47:39,101,1,100,100,1,1,0,0,2026-02-01 16:51:50,1970-02-02 02:01:01,2,MODERATE,1,0,0,FINISHED,1,5,ATTACKER,PARTY,0,0,0,0,,0,30,,0,1
177,101,HARD,2026-02-01 16:47:40,101,1,100,100,1,1,0,0,2026-02-01 16:51:50,1970-02-02 02:01:01,2,MODERATE,1,0,0,FINISHED,1,5,ATTACKER,PARTY,0,0,0,0,,0,30,,0,1
178,100,HARD,2026-02-01 16:47:41,101,1,100,100,1,1,0,0,2026-02-01 16:51:50,1970-02-02 02:01:01,2,MODERATE,1,0,0,FINISHED,1,5,ATTACKER,PARTY,0,0,0,0,,0,30,,0,1
179,100,HARD,2026-02-01 16:47:42,101,1,100,100,1,1,0,0,2026-02-01 16:51:50,1970-02-02 02:01:01,2,MODERATE,1,0,0,FINISHED,1,5,ATTACKER,PARTY,0,0,0,0,,0,30,,0,1
180,100,HARD,2026-02-01 16:47:43,101,1,100,100,1,1,0,0,2026-02-01 16:51:50,1970-02-02 02:01:01,2,MODERATE,1,0,0,FINISHED,1,5,ATTACKER,PARTY,0,0,0,0,,0,30,,0,1
181,100,HARD,2026-02-01 16:47:43,101,1,100,100,1,1,0,0,2026-02-01 16:51:50,1970-02-02 02:01:01,2,MODERATE,1,0,0,FINISHED,1,5,ATTACKER,PARTY,0,0,0,0,,0,30,,0,1
182,100,HARD,2026-02-01 16:47:44,101,1,100,100,1,1,0,0,2026-02-01 16:51:50,1970-02-02 02:01:01,2,MODERATE,1,0,0,FINISHED,1,5,ATTACKER,PARTY,0,0,0,0,,0,30,,0,1
183,100,HARD,2026-02-01 16:47:45,101,1,100,100,1,1,0,0,2026-02-01 16:51:50,1970-02-02 02:01:01,2,MODERATE,1,0,0,FINISHED,1,5,ATTACKER,PARTY,0,0,0,0,,0,30,,0,1
184,100,HARD,2026-02-01 16:47:45,101,1,100,100,1,1,0,0,2026-02-01 16:51:50,1970-02-02 02:01:01,2,MODERATE,1,0,0,FINISHED,1,5,ATTACKER,PARTY,0,0,0,0,,0,30,,0,1
185,100,HARD,2026-02-01 16:47:46,101,1,100,100,1,1,0,0,2026-02-01 16:51:50,1970-02-02 02:01:01,2,MODERATE,1,0,0,FINISHED,1,5,ATTACKER,PARTY,0,0,0,0,,0,30,,0,1
186,101,HARD,2026-02-01 16:47:47,101,1,100,100,1,1,0,0,2026-02-01 16:51:50,1970-02-02 02:01:01,2,MODERATE,1,0,0,FINISHED,1,5,ATTACKER,PARTY,0,0,0,0,,0,30,,0,1
187,101,HARD,2026-02-01 16:47:47,101,1,100,100,1,1,0,0,2026-02-01 16:51:50,1970-02-02 02:01:01,2,MODERATE,1,0,0,FINISHED,1,5,ATTACKER,PARTY,0,0,0,0,,0,30,,0,1
188,101,HARD,2026-02-01 16:47:48,101,1,100,100,1,1,0,0,2026-02-01 16:51:50,1970-02-02 02:01:01,2,MODERATE,1,0,0,FINISHED,1,5,ATTACKER,PARTY,0,0,0,0,,0,30,,0,1
189,101,HARD,2026-02-01 16:47:49,101,1,100,100,1,1,0,0,2026-02-01 16:51:50,1970-02-02 02:01:01,2,MODERATE,1,0,0,FINISHED,1,5,ATTACKER,PARTY,0,0,0,0,,0,30,,0,1
190,101,HARD,2026-02-01 16:52:15,101,1,100,100,1,1,0,0,2026-02-01 16:53:00,1970-02-02 02:01:01,2,MODERATE,1,0,0,FINISHED,1,5,ATTACKER,PARTY,0,0,0,0,,0,30,,0,1
191,101,HARD,2026-02-01 16:52:16,101,1,100,100,1,1,0,0,2026-02-01 16:53:00,1970-02-02 02:01:01,2,MODERATE,1,0,0,FINISHED,1,5,ATTACKER,PARTY,0,0,0,0,,0,30,,0,1
192,100,HARD,2026-02-01 16:52:17,101,1,100,100,1,1,0,0,2026-02-01 16:53:00,1970-02-02 02:01:01,2,MODERATE,1,0,0,FINISHED,1,5,ATTACKER,PARTY,0,0,0,0,,0,30,,0,1
193,100,HARD,2026-02-01 16:52:19,101,1,100,100,1,1,0,0,2026-02-01 16:53:00,1970-02-02 02:01:01,2,MODERATE,1,0,0,FINISHED,1,5,ATTACKER,PARTY,0,0,0,0,,0,30,,0,1
194,100,HARD,2026-02-01 16:52:20,101,1,100,100,1,1,0,0,2026-02-01 16:53:00,1970-02-02 02:01:01,2,MODERATE,1,0,0,FINISHED,1,5,ATTACKER,PARTY,0,0,0,0,,0,30,,0,1
195,100,HARD,2026-02-01 16:52:21,101,1,100,100,1,1,0,0,2026-02-01 16:53:00,1970-02-02 02:01:01,2,MODERATE,1,0,0,FINISHED,1,5,ATTACKER,PARTY,0,0,0,0,,0,30,,0,1
196,100,HARD,2026-02-01 16:52:22,101,1,100,100,1,1,0,0,2026-02-01 16:53:00,1970-02-02 02:01:01,2,MODERATE,1,0,0,FINISHED,1,5,ATTACKER,PARTY,0,0,0,0,,0,30,,0,1
197,100,HARD,2026-02-01 16:52:23,101,1,100,100,1,1,0,0,2026-02-01 16:53:00,1970-02-02 02:01:01,2,MODERATE,1,0,0,FINISHED,1,5,ATTACKER,PARTY,0,0,0,0,,0,30,,0,1
198,100,HARD,2026-02-01 16:52:24,101,1,100,100,1,1,0,0,2026-02-01 16:53:00,1970-02-02 02:01:01,2,MODERATE,1,0,0,FINISHED,1,5,ATTACKER,PARTY,0,0,0,0,,0,30,,0,1
199,100,HARD,2026-02-01 16:52:25,101,1,100,100,1,1,0,0,2026-02-01 16:53:00,1970-02-02 02:01:01,2,MODERATE,1,0,0,FINISHED,1,5,ATTACKER,PARTY,0,0,0,0,,0,30,,0,1
200,101,HARD,2026-02-01 16:52:26,101,1,100,100,1,1,0,0,2026-02-01 16:53:00,1970-02-02 02:01:01,2,MODERATE,1,0,0,FINISHED,1,5,ATTACKER,PARTY,0,0,0,0,,0,30,,0,1
201,101,HARD,2026-02-01 16:52:27,101,1,100,100,1,1,0,0,2026-02-01 16:53:00,1970-02-02 02:01:01,2,MODERATE,1,0,0,FINISHED,1,5,ATTACKER,PARTY,0,0,0,0,,0,30,,0,1
202,101,HARD,2026-02-01 16:52:29,101,1,100,100,1,1,0,0,2026-02-01 16:53:00,1970-02-02 02:01:01,2,MODERATE,1,0,0,FINISHED,1,5,ATTACKER,PARTY,0,0,0,0,,0,30,,0,1
203,101,HARD,2026-02-01 16:52:30,101,1,100,100,1,1,0,0,2026-02-01 16:53:00,1970-02-02 02:01:01,2,MODERATE,1,0,0,FINISHED,1,5,ATTACKER,PARTY,0,0,0,0,,0,30,,0,1
204,101,HARD,2026-02-01 16:54:54,101,1,100,100,1,1,0,0,2026-02-01 16:54:55,1970-02-02 02:01:01,2,MODERATE,1,0,0,FINISHED,1,5,ATTACKER,PARTY,0,0,0,0,,0,30,,0,1
205,101,HARD,2026-02-01 16:54:55,101,1,100,100,1,1,0,0,2026-02-01 16:54:56,1970-02-02 02:01:01,2,MODERATE,1,0,0,FINISHED,1,5,ATTACKER,PARTY,0,0,0,0,,0,30,,0,1
206,100,HARD,2026-02-01 16:54:56,101,1,100,100,1,1,0,0,2026-02-01 16:54:57,1970-02-02 02:01:01,2,MODERATE,1,0,0,FINISHED,1,5,ATTACKER,PARTY,0,0,0,0,,0,30,,0,1
207,100,HARD,2026-02-01 16:54:58,101,1,100,100,1,1,0,0,2026-02-01 16:54:59,1970-02-02 02:01:01,2,MODERATE,1,0,0,FINISHED,1,5,ATTACKER,PARTY,0,0,0,0,,0,30,,0,1
208,100,HARD,2026-02-01 16:54:59,101,1,100,100,1,1,0,0,2026-02-01 16:55:00,1970-02-02 02:01:01,2,MODERATE,1,0,0,FINISHED,1,5,ATTACKER,PARTY,0,0,0,0,,0,30,,0,1
209,100,HARD,2026-02-01 16:55:01,101,1,100,100,1,1,0,0,2026-02-01 16:55:02,1970-02-02 02:01:01,2,MODERATE,1,0,0,FINISHED,1,5,ATTACKER,PARTY,0,0,0,0,,0,30,,0,1
210,100,HARD,2026-02-01 16:55:02,101,1,100,100,1,1,0,0,2026-02-01 16:55:03,1970-02-02 02:01:01,2,MODERATE,1,0,0,FINISHED,1,5,ATTACKER,PARTY,0,0,0,0,,0,30,,0,1
211,100,HARD,2026-02-01 16:55:04,101,1,100,100,1,1,0,0,2026-02-01 16:55:04,1970-02-02 02:01:01,2,MODERATE,1,0,0,FINISHED,1,5,ATTACKER,PARTY,0,0,0,0,,0,30,,0,1
212,100,HARD,2026-02-01 16:55:05,101,1,100,100,1,1,0,0,2026-02-01 16:55:06,1970-02-02 02:01:01,2,MODERATE,1,0,0,FINISHED,1,5,ATTACKER,PARTY,0,0,0,0,,0,30,,0,1
213,100,HARD,2026-02-01 16:55:06,101,1,100,100,1,1,0,0,2026-02-01 16:55:07,1970-02-02 02:01:01,2,MODERATE,1,0,0,FINISHED,1,5,ATTACKER,PARTY,0,0,0,0,,0,30,,0,1
214,101,HARD,2026-02-01 16:55:08,101,1,100,100,1,1,0,0,2026-02-01 16:55:09,1970-02-02 02:01:01,2,MODERATE,1,0,0,FINISHED,1,5,ATTACKER,PARTY,0,0,0,0,,0,30,,0,1
215,101,HARD,2026-02-01 16:55:10,101,1,100,100,1,1,0,0,2026-02-01 16:55:10,1970-02-02 02:01:01,2,MODERATE,1,0,0,FINISHED,1,5,ATTACKER,PARTY,0,0,0,0,,0,30,,0,1
216,101,HARD,2026-02-01 16:55:11,101,1,100,100,1,1,0,0,2026-02-01 16:55:12,1970-02-02 02:01:01,2,MODERATE,1,0,0,FINISHED,1,5,ATTACKER,PARTY,0,0,0,0,,0,30,,0,1
217,101,HARD,2026-02-01 16:55:13,101,1,100,100,1,1,0,0,2026-02-01 16:55:14,1970-02-02 02:01:01,2,MODERATE,1,0,0,FINISHED,1,5,ATTACKER,PARTY,0,0,0,0,,0,30,,0,1
218,101,HARD,2026-02-01 16:59:22,101,1,100,100,1,1,0,0,2026-02-01 16:59:23,1970-02-02 02:01:01,2,MODERATE,1,0,0,FINISHED,1,5,ATTACKER,PARTY,0,0,0,0,,0,30,,0,1
219,101,HARD,2026-02-01 16:59:23,101,1,100,100,1,1,0,0,2026-02-01 16:59:24,1970-02-02 02:01:01,2,MODERATE,1,0,0,FINISHED,1,5,ATTACKER,PARTY,0,0,0,0,,0,30,,0,1
220,100,HARD,2026-02-01 16:59:25,101,1,100,100,1,1,0,0,2026-02-01 16:59:25,1970-02-02 02:01:01,2,MODERATE,1,0,0,FINISHED,1,5,ATTACKER,PARTY,0,0,0,0,,0,30,,0,1
221,100,HARD,2026-02-01 16:59:26,101,1,100,100,1,1,0,0,2026-02-01 16:59:27,1970-02-02 02:01:01,2,MODERATE,1,0,0,FINISHED,1,5,ATTACKER,PARTY,0,0,0,0,,0,30,,0,1
222,100,HARD,2026-02-01 16:59:27,101,1,100,100,1,1,0,0,2026-02-01 17:00:37,1970-02-02 02:01:01,2,MODERATE,1,0,0,FINISHED,1,5,ATTACKER,PARTY,0,0,0,0,,0,30,,0,1
223,101,HARD,2026-02-01 17:00:50,101,1,100,100,1,1,0,0,2026-02-01 17:00:51,1970-02-02 02:01:01,2,MODERATE,1,0,0,FINISHED,1,5,ATTACKER,PARTY,0,0,0,0,,0,30,,0,1
224,101,HARD,2026-02-01 17:00:51,101,1,100,100,1,1,0,0,2026-02-01 17:00:52,1970-02-02 02:01:01,2,MODERATE,1,0,0,FINISHED,1,5,ATTACKER,PARTY,0,0,0,0,,0,30,,0,1
225,100,HARD,2026-02-01 17:00:52,101,1,100,100,1,1,0,0,2026-02-01 17:00:53,1970-02-02 02:01:01,2,MODERATE,1,0,0,FINISHED,1,5,ATTACKER,PARTY,0,0,0,0,,0,30,,0,1
226,100,HARD,2026-02-01 17:00:53,101,1,100,100,1,1,0,0,2026-02-01 17:00:54,1970-02-02 02:01:01,2,MODERATE,1,0,0,FINISHED,1,5,ATTACKER,PARTY,0,0,0,0,,0,30,,0,1
227,100,HARD,2026-02-01 17:00:55,101,1,100,100,1,1,0,0,2026-02-01 17:00:55,1970-02-02 02:01:01,2,MODERATE,1,0,0,FINISHED,1,5,ATTACKER,PARTY,0,0,0,0,,0,30,,0,1
228,100,HARD,2026-02-01 17:00:56,101,1,100,100,1,1,0,0,2026-02-01 17:00:56,1970-02-02 02:01:01,2,MODERATE,1,0,0,FINISHED,1,5,ATTACKER,PARTY,0,0,0,0,,0,30,,0,1
229,100,HARD,2026-02-01 17:00:57,101,1,100,100,1,1,0,0,2026-02-01 17:00:57,1970-02-02 02:01:01,2,MODERATE,1,0,0,FINISHED,1,5,ATTACKER,PARTY,0,0,0,0,,0,30,,0,1
230,100,HARD,2026-02-01 17:00:58,101,1,100,100,1,1,0,0,2026-02-01 17:00:59,1970-02-02 02:01:01,2,MODERATE,1,0,0,FINISHED,1,5,ATTACKER,PARTY,0,0,0,0,,0,30,,0,1
231,100,HARD,2026-02-01 17:00:59,101,1,100,100,1,1,0,0,2026-02-01 17:01:00,1970-02-02 02:01:01,2,MODERATE,1,0,0,FINISHED,1,5,ATTACKER,PARTY,0,0,0,0,,0,30,,0,1
232,100,HARD,2026-02-01 17:01:00,101,1,100,100,1,1,0,0,2026-02-01 17:01:01,1970-02-02 02:01:01,2,MODERATE,1,0,0,FINISHED,1,5,ATTACKER,PARTY,0,0,0,0,,0,30,,0,1
233,101,HARD,2026-02-01 17:01:01,101,1,100,100,1,1,0,0,2026-02-01 17:01:02,1970-02-02 02:01:01,2,MODERATE,1,0,0,FINISHED,1,5,ATTACKER,PARTY,0,0,0,0,,0,30,,0,1
234,101,HARD,2026-02-01 17:01:03,101,1,100,100,1,1,0,0,2026-02-01 17:01:03,1970-02-02 02:01:01,2,MODERATE,1,0,0,FINISHED,1,5,ATTACKER,PARTY,0,0,0,0,,0,30,,0,1
235,101,HARD,2026-02-01 17:01:04,101,1,100,100,1,1,0,0,2026-02-01 17:01:04,1970-02-02 02:01:01,2,MODERATE,1,0,0,FINISHED,1,5,ATTACKER,PARTY,0,0,0,0,,0,30,,0,1
236,101,HARD,2026-02-01 17:01:05,101,1,100,100,1,1,0,0,2026-02-01 17:01:05,1970-02-02 02:01:01,2,MODERATE,1,0,0,FINISHED,1,5,ATTACKER,PARTY,0,0,0,0,,0,30,,0,1
237,100,HARD,2026-02-01 17:03:10,101,1,100,100,1,1,0,0,2026-02-01 17:03:11,1970-02-02 02:01:01,2,MODERATE,1,0,0,FINISHED,1,5,ATTACKER,PARTY,0,0,0,0,,0,30,,0,1
238,101,HARD,2026-02-01 17:03:10,101,1,100,100,1,1,0,0,2026-02-01 17:03:11,1970-02-02 02:01:01,2,MODERATE,1,0,0,FINISHED,1,5,ATTACKER,PARTY,0,0,0,0,,0,30,,0,1
239,101,HARD,2026-02-01 17:03:10,101,1,100,100,1,1,0,0,2026-02-01 17:03:11,1970-02-02 02:01:01,2,MODERATE,1,0,0,FINISHED,1,5,ATTACKER,PARTY,0,0,0,0,,0,30,,0,1
240,100,HARD,2026-02-01 17:03:10,101,1,100,100,1,1,0,0,2026-02-01 17:03:11,1970-02-02 02:01:01,2,MODERATE,1,0,0,FINISHED,1,5,ATTACKER,PARTY,0,0,0,0,,0,30,,0,1
241,101,HARD,2026-02-01 17:03:10,101,1,100,100,1,1,0,0,2026-02-01 17:03:11,1970-02-02 02:01:01,2,MODERATE,1,0,0,FINISHED,1,5,ATTACKER,PARTY,0,0,0,0,,0,30,,0,1
242,100,HARD,2026-02-01 17:03:10,101,1,100,100,1,1,0,0,2026-02-01 17:03:11,1970-02-02 02:01:01,2,MODERATE,1,0,0,FINISHED,1,5,ATTACKER,PARTY,0,0,0,0,,0,30,,0,1
243,100,HARD,2026-02-01 17:03:10,101,1,100,100,1,1,0,0,2026-02-01 17:03:11,1970-02-02 02:01:01,2,MODERATE,1,0,0,FINISHED,1,5,ATTACKER,PARTY,0,0,0,0,,0,30,,0,1
244,100,HARD,2026-02-01 17:03:10,101,1,100,100,1,1,0,0,2026-02-01 17:03:11,1970-02-02 02:01:01,2,MODERATE,1,0,0,FINISHED,1,5,ATTACKER,PARTY,0,0,0,0,,0,30,,0,1
245,100,HARD,2026-02-01 17:03:10,101,1,100,100,1,1,0,0,2026-02-01 17:03:11,1970-02-02 02:01:01,2,MODERATE,1,0,0,FINISHED,1,5,ATTACKER,PARTY,0,0,0,0,,0,30,,0,1
246,101,HARD,2026-02-01 17:03:10,101,1,100,100,1,1,0,0,2026-02-01 17:03:11,1970-02-02 02:01:01,2,MODERATE,1,0,0,FINISHED,1,5,ATTACKER,PARTY,0,0,0,0,,0,30,,0,1
247,101,HARD,2026-02-01 17:03:10,101,1,100,100,1,1,0,0,2026-02-01 17:03:11,1970-02-02 02:01:01,2,MODERATE,1,0,0,FINISHED,1,5,ATTACKER,PARTY,0,0,0,0,,0,30,,0,1
248,100,HARD,2026-02-01 17:03:10,101,1,100,100,1,1,0,0,2026-02-01 17:03:11,1970-02-02 02:01:01,2,MODERATE,1,0,0,FINISHED,1,5,ATTACKER,PARTY,0,0,0,0,,0,30,,0,1
249,101,HARD,2026-02-01 17:03:10,101,1,100,100,1,1,0,0,2026-02-01 17:03:11,1970-02-02 02:01:01,2,MODERATE,1,0,0,FINISHED,1,5,ATTACKER,PARTY,0,0,0,0,,0,30,,0,1
250,100,HARD,2026-02-01 17:03:10,101,1,100,100,1,1,0,0,2026-02-01 17:03:11,1970-02-02 02:01:01,2,MODERATE,1,0,0,FINISHED,1,5,ATTACKER,PARTY,0,0,0,0,,0,30,,0,1
251,100,HARD,2026-02-02 14:22:27,152,1,100,100,1.1,1.1,0,0,2026-02-02 14:22:29,1970-02-02 02:01:01,2,MODERATE,1,0,0,FINISHED,1,5,ATTACKER,PARTY,0,0,0,0,,0,60,,0,1
252,100,HARD,2026-02-02 14:22:44,152,1,100,100,1.1,1.1,0,0,2026-02-02 14:22:50,1970-02-02 02:01:01,2,MODERATE,1,0,0,FINISHED,1,5,ATTACKER,PARTY,0,0,0,0,,0,60,,0,1
253,100,HARD,2026-02-02 16:02:33,153,1,100,100,1.1,1.1,0,0,2026-02-02 16:02:59,1970-02-02 02:01:01,2,MODERATE,1,0,0,FINISHED,1,5,ATTACKER,PARTY,0,0,0,0,,0,15,,0,1
254,100,HARD,2026-02-02 16:11:14,101,1,100,100,1.1,1.1,0,0,2026-02-02 21:35:42,1970-02-02 02:01:01,2,MODERATE,1,0,0,FINISHED,1,5,ATTACKER,PARTY,0,0,0,0,,0,60,,0,1
255,101,HARD,2026-02-02 16:11:22,101,1,100,100,1.1,1.1,0,0,2026-02-02 21:35:42,1970-02-02 02:01:01,2,MODERATE,1,0,0,FINISHED,1,5,ATTACKER,PARTY,0,0,0,0,,0,60,,0,1
256,100,HARD,2026-02-02 16:11:26,101,1,100,100,1.1,1.1,0,0,2026-02-02 21:35:42,1970-02-02 02:01:01,2,MODERATE,1,0,0,FINISHED,1,5,ATTACKER,PARTY,0,0,0,0,,0,60,,0,1
257,101,HARD,2026-02-02 16:11:32,101,1,100,100,1.1,1.1,0,0,2026-02-02 21:35:42,1970-02-02 02:01:01,2,MODERATE,1,0,0,FINISHED,1,5,ATTACKER,PARTY,0,0,0,0,,0,60,,0,1
258,100,HARD,2026-02-02 16:11:41,101,1,100,100,1.1,1.1,0,0,2026-02-02 21:35:42,1970-02-02 02:01:01,2,MODERATE,1,0,0,FINISHED,1,5,ATTACKER,PARTY,0,0,0,0,,0,60,,0,1
259,101,HARD,2026-02-02 16:11:49,101,1,100,100,1.1,1.1,0,0,2026-02-02 21:35:42,1970-02-02 02:01:01,2,MODERATE,1,0,0,FINISHED,1,5,ATTACKER,PARTY,0,0,0,0,,0,60,,0,1
260,100,HARD,2026-02-02 21:35:12,101,1,100,100,1,1,0,0,2026-02-02 21:35:13,1970-02-02 02:01:01,2,MODERATE,1,0,0,FINISHED,1,5,ATTACKER,PARTY,0,0,0,0,,0,30,,0,1
261,100,HARD,2026-02-02 21:35:12,101,1,100,100,1,1,0,0,2026-02-02 21:35:13,1970-02-02 02:01:01,2,MODERATE,1,0,0,FINISHED,1,5,ATTACKER,PARTY,0,0,0,0,,0,30,,0,1
262,100,HARD,2026-02-02 21:36:10,101,1,100,100,1,1,0,0,2026-02-02 21:36:11,1970-02-02 02:01:01,2,MODERATE,1,0,0,FINISHED,1,5,ATTACKER,PARTY,0,0,0,0,,0,30,,0,1
263,100,HARD,2026-02-02 21:36:10,101,1,100,100,1,1,0,0,2026-02-02 21:36:11,1970-02-02 02:01:01,2,MODERATE,1,0,0,FINISHED,1,5,ATTACKER,PARTY,0,0,0,0,,0,30,,0,1
264,101,HARD,2026-02-03 00:30:42,101,1,100,100,1,1,0,0,2026-02-03 00:30:48,1970-02-02 02:01:01,2,MODERATE,1,0,0,FINISHED,1,5,ATTACKER,PARTY,0,0,0,0,,0,30,,0,1
265,100,HARD,2026-02-03 00:30:42,101,1,100,100,1,1,0,0,2026-02-03 00:30:46,1970-02-02 02:01:01,2,MODERATE,1,0,0,FINISHED,1,5,ATTACKER,PARTY,0,0,0,0,,0,30,,0,1
266,101,HARD,2026-02-03 00:30:42,101,1,100,100,1,1,0,0,2026-02-03 00:30:47,1970-02-02 02:01:01,2,MODERATE,1,0,0,FINISHED,1,5,ATTACKER,PARTY,0,0,0,0,,0,30,,0,1
267,101,HARD,2026-02-03 00:30:42,101,1,100,100,1,1,0,0,2026-02-03 00:30:48,1970-02-02 02:01:01,2,MODERATE,1,0,0,FINISHED,1,5,ATTACKER,PARTY,0,0,0,0,,0,30,,0,1
268,101,HARD,2026-02-03 00:30:42,101,1,100,100,1,1,0,0,2026-02-03 00:30:49,1970-02-02 02:01:01,2,MODERATE,1,0,0,FINISHED,1,5,ATTACKER,PARTY,0,0,0,0,,0,30,,0,1
269,101,HARD,2026-02-03 00:30:42,101,1,100,100,1,1,0,0,2026-02-03 00:30:48,1970-02-02 02:01:01,2,MODERATE,1,0,0,FINISHED,1,5,ATTACKER,PARTY,0,0,0,0,,0,30,,0,1
270,100,HARD,2026-02-03 00:30:42,101,1,100,100,1,1,0,0,2026-02-03 00:30:47,1970-02-02 02:01:01,2,MODERATE,1,0,0,FINISHED,1,5,ATTACKER,PARTY,0,0,0,0,,0,30,,0,1
271,101,HARD,2026-02-03 00:30:42,101,1,100,100,1,1,0,0,2026-02-03 00:30:48,1970-02-02 02:01:01,2,MODERATE,1,0,0,FINISHED,1,5,ATTACKER,PARTY,0,0,0,0,,0,30,,0,1
272,100,HARD,2026-02-03 00:30:42,101,1,100,100,1,1,0,0,2026-02-03 00:30:47,1970-02-02 02:01:01,2,MODERATE,1,0,0,FINISHED,1,5,ATTACKER,PARTY,0,0,0,0,,0,30,,0,1
273,100,HARD,2026-02-03 00:30:42,101,1,100,100,1,1,0,0,2026-02-03 00:30:46,1970-02-02 02:01:01,2,MODERATE,1,0,0,FINISHED,1,5,ATTACKER,PARTY,0,0,0,0,,0,30,,0,1
274,100,HARD,2026-02-03 00:30:43,101,1,100,100,1,1,0,0,2026-02-03 00:30:49,1970-02-02 02:01:01,2,MODERATE,1,0,0,FINISHED,1,5,ATTACKER,PARTY,0,0,0,0,,0,30,,0,1
275,101,HARD,2026-02-03 00:30:43,101,1,100,100,1,1,0,0,2026-02-03 00:30:50,1970-02-02 02:01:01,2,MODERATE,1,0,0,FINISHED,1,5,ATTACKER,PARTY,0,0,0,0,,0,30,,0,1
276,100,HARD,2026-02-03 00:30:43,101,1,100,100,1,1,0,0,2026-02-03 00:30:47,1970-02-02 02:01:01,2,MODERATE,1,0,0,FINISHED,1,5,ATTACKER,PARTY,0,0,0,0,,0,30,,0,1
277,100,HARD,2026-02-03 00:30:43,101,1,100,100,1,1,0,0,2026-02-03 00:30:49,1970-02-02 02:01:01,2,MODERATE,1,0,0,FINISHED,1,5,ATTACKER,PARTY,0,0,0,0,,0,30,,0,1
278,100,HARD,2026-02-03 00:30:43,101,1,100,100,1,1,0,0,2026-02-03 00:30:48,1970-02-02 02:01:01,2,MODERATE,1,0,0,FINISHED,1,5,ATTACKER,PARTY,0,0,0,0,,0,30,,0,1
279,100,HARD,2026-02-03 00:30:43,101,1,100,100,1,1,0,0,2026-02-03 00:30:47,1970-02-02 02:01:01,2,MODERATE,1,0,0,FINISHED,1,5,ATTACKER,PARTY,0,0,0,0,,0,30,,0,1
280,100,HARD,2026-02-03 00:30:43,101,1,100,100,1,1,0,0,2026-02-03 00:30:48,1970-02-02 02:01:01,2,MODERATE,1,0,0,FINISHED,1,5,ATTACKER,PARTY,0,0,0,0,,0,30,,0,1
281,100,HARD,2026-02-03 00:30:43,101,1,100,100,1,1,0,0,2026-02-03 00:30:46,1970-02-02 02:01:01,2,MODERATE,1,0,0,FINISHED,1,5,ATTACKER,PARTY,0,0,0,0,,0,30,,0,1
282,100,HARD,2026-02-03 00:30:43,101,1,100,100,1,1,0,0,2026-02-03 00:30:48,1970-02-02 02:01:01,2,MODERATE,1,0,0,FINISHED,1,5,ATTACKER,PARTY,0,0,0,0,,0,30,,0,1
283,100,HARD,2026-02-03 00:30:43,101,1,100,100,1,1,0,0,2026-02-03 00:30:47,1970-02-02 02:01:01,2,MODERATE,1,0,0,FINISHED,1,5,ATTACKER,PARTY,0,0,0,0,,0,30,,0,1
284,100,HARD,2026-02-03 00:30:48,101,1,100,100,1,1,0,0,2026-02-03 00:30:51,1970-02-02 02:01:01,2,MODERATE,1,0,0,FINISHED,1,5,ATTACKER,PARTY,0,0,0,0,,0,30,,0,1
285,100,HARD,2026-02-03 00:30:49,101,1,100,100,1,1,0,0,2026-02-03 00:30:51,1970-02-02 02:01:01,2,MODERATE,1,0,0,FINISHED,1,5,ATTACKER,PARTY,0,0,0,0,,0,30,,0,1
286,100,HARD,2026-02-03 00:30:49,101,1,100,100,1,1,0,0,2026-02-03 00:30:52,1970-02-02 02:01:01,2,MODERATE,1,0,0,FINISHED,1,5,ATTACKER,PARTY,0,0,0,0,,0,30,,0,1
287,101,HARD,2026-02-03 00:30:49,101,1,100,100,1,1,0,0,2026-02-03 00:30:53,1970-02-02 02:01:01,2,MODERATE,1,0,0,FINISHED,1,5,ATTACKER,PARTY,0,0,0,0,,0,30,,0,1
288,101,HARD,2026-02-03 00:30:50,101,1,100,100,1,1,0,0,2026-02-03 00:30:53,1970-02-02 02:01:01,2,MODERATE,1,0,0,FINISHED,1,5,ATTACKER,PARTY,0,0,0,0,,0,30,,0,1
289,101,HARD,2026-02-03 00:30:50,101,1,100,100,1,1,0,0,2026-02-03 00:30:53,1970-02-02 02:01:01,2,MODERATE,1,0,0,FINISHED,1,5,ATTACKER,PARTY,0,0,0,0,,0,30,,0,1
290,101,HARD,2026-02-03 00:30:50,101,1,100,100,1,1,0,0,2026-02-03 00:30:54,1970-02-02 02:01:01,2,MODERATE,1,0,0,FINISHED,1,5,ATTACKER,PARTY,0,0,0,0,,0,30,,0,1
291,100,HARD,2026-02-03 00:30:50,101,1,100,100,1,1,0,0,2026-02-03 00:30:53,1970-02-02 02:01:01,2,MODERATE,1,0,0,FINISHED,1,5,ATTACKER,PARTY,0,0,0,0,,0,30,,0,1
292,101,HARD,2026-02-03 00:30:50,101,1,100,100,1,1,0,0,2026-02-03 00:30:54,1970-02-02 02:01:01,2,MODERATE,1,0,0,FINISHED,1,5,ATTACKER,PARTY,0,0,0,0,,0,30,,0,1
293,100,HARD,2026-02-03 00:30:50,101,1,100,100,1,1,0,0,2026-02-03 00:30:52,1970-02-02 02:01:01,2,MODERATE,1,0,0,FINISHED,1,5,ATTACKER,PARTY,0,0,0,0,,0,30,,0,1
294,101,HARD,2026-02-03 00:30:50,101,1,100,100,1,1,0,0,2026-02-03 00:30:53,1970-02-02 02:01:01,2,MODERATE,1,0,0,FINISHED,1,5,ATTACKER,PARTY,0,0,0,0,,0,30,,0,1
295,101,HARD,2026-02-03 00:30:50,101,1,100,100,1,1,0,0,2026-02-03 00:30:54,1970-02-02 02:01:01,2,MODERATE,1,0,0,FINISHED,1,5,ATTACKER,PARTY,0,0,0,0,,0,30,,0,1
296,101,HARD,2026-02-03 00:30:50,101,1,100,100,1,1,0,0,2026-02-03 00:30:54,1970-02-02 02:01:01,2,MODERATE,1,0,0,FINISHED,1,5,ATTACKER,PARTY,0,0,0,0,,0,30,,0,1
297,101,HARD,2026-02-03 00:30:50,101,1,100,100,1,1,0,0,2026-02-03 00:30:54,1970-02-02 02:01:01,2,MODERATE,1,0,0,FINISHED,1,5,ATTACKER,PARTY,0,0,0,0,,0,30,,0,1
298,101,HARD,2026-02-03 00:30:51,101,1,100,100,1,1,0,0,2026-02-03 00:30:54,1970-02-02 02:01:01,2,MODERATE,1,0,0,FINISHED,1,5,ATTACKER,PARTY,0,0,0,0,,0,30,,0,1
299,101,HARD,2026-02-03 00:30:51,101,1,100,100,1,1,0,0,2026-02-03 00:30:54,1970-02-02 02:01:01,2,MODERATE,1,0,0,FINISHED,1,5,ATTACKER,PARTY,0,0,0,0,,0,30,,0,1
300,101,HARD,2026-02-03 00:30:51,101,1,100,100,1,1,0,0,2026-02-03 00:30:54,1970-02-02 02:01:01,2,MODERATE,1,0,0,FINISHED,1,5,ATTACKER,PARTY,0,0,0,0,,0,30,,0,1
301,100,HARD,2026-02-03 08:00:15,101,1,100,100,1,1,0,0,2026-02-03 08:00:17,1970-02-02 02:01:01,2,MODERATE,1,0,0,FINISHED,1,5,ATTACKER,PARTY,0,0,0,0,,0,30,,0,1
302,100,HARD,2026-02-03 08:00:15,101,1,100,100,1,1,0,0,2026-02-03 08:00:17,1970-02-02 02:01:01,2,MODERATE,1,0,0,FINISHED,1,5,ATTACKER,PARTY,0,0,0,0,,0,30,,0,1
303,101,HARD,2026-02-03 08:00:15,101,1,100,100,1,1,0,0,2026-02-03 08:00:17,1970-02-02 02:01:01,2,MODERATE,1,0,0,FINISHED,1,5,ATTACKER,PARTY,0,0,0,0,,0,30,,0,1
304,100,HARD,2026-02-03 08:00:15,101,1,100,100,1,1,0,0,2026-02-03 08:00:18,1970-02-02 02:01:01,2,MODERATE,1,0,0,FINISHED,1,5,ATTACKER,PARTY,0,0,0,0,,0,30,,0,1
305,101,HARD,2026-02-03 08:00:15,101,1,100,100,1,1,0,0,2026-02-03 08:00:18,1970-02-02 02:01:01,2,MODERATE,1,0,0,FINISHED,1,5,ATTACKER,PARTY,0,0,0,0,,0,30,,0,1
306,101,HARD,2026-02-03 08:00:15,101,1,100,100,1,1,0,0,2026-02-03 08:00:17,1970-02-02 02:01:01,2,MODERATE,1,0,0,FINISHED,1,5,ATTACKER,PARTY,0,0,0,0,,0,30,,0,1
307,101,HARD,2026-02-03 08:00:15,101,1,100,100,1,1,0,0,2026-02-03 08:00:18,1970-02-02 02:01:01,2,MODERATE,1,0,0,FINISHED,1,5,ATTACKER,PARTY,0,0,0,0,,0,30,,0,1
308,101,HARD,2026-02-03 08:00:15,101,1,100,100,1,1,0,0,2026-02-03 08:00:17,1970-02-02 02:01:01,2,MODERATE,1,0,0,FINISHED,1,5,ATTACKER,PARTY,0,0,0,0,,0,30,,0,1
309,101,HARD,2026-02-03 08:08:31,101,1,100,100,1,1,0,0,2026-02-03 08:08:31,1970-02-02 02:01:01,2,MODERATE,1,0,0,FINISHED,1,5,ATTACKER,PARTY,0,0,0,0,,0,30,,0,1
310,101,HARD,2026-02-03 08:29:49,101,1,100,100,1,1,0,0,2026-02-03 08:29:51,1970-02-02 02:01:01,2,MODERATE,1,0,0,FINISHED,1,5,ATTACKER,PARTY,0,0,0,0,,0,30,,0,1
311,100,HARD,2026-02-03 08:29:49,101,1,100,100,1,1,0,0,2026-02-03 08:29:50,1970-02-02 02:01:01,2,MODERATE,1,0,0,FINISHED,1,5,ATTACKER,PARTY,0,0,0,0,,0,30,,0,1
312,101,HARD,2026-02-03 08:29:49,101,1,100,100,1,1,0,0,2026-02-03 08:29:52,1970-02-02 02:01:01,2,MODERATE,1,0,0,FINISHED,1,5,ATTACKER,PARTY,0,0,0,0,,0,30,,0,1
313,101,HARD,2026-02-03 08:29:49,101,1,100,100,1,1,0,0,2026-02-03 08:29:51,1970-02-02 02:01:01,2,MODERATE,1,0,0,FINISHED,1,5,ATTACKER,PARTY,0,0,0,0,,0,30,,0,1
314,100,HARD,2026-02-03 08:29:49,101,1,100,100,1,1,0,0,2026-02-03 08:29:51,1970-02-02 02:01:01,2,MODERATE,1,0,0,FINISHED,1,5,ATTACKER,PARTY,0,0,0,0,,0,30,,0,1
315,100,HARD,2026-02-03 08:29:49,101,1,100,100,1,1,0,0,2026-02-03 08:29:51,1970-02-02 02:01:01,2,MODERATE,1,0,0,FINISHED,1,5,ATTACKER,PARTY,0,0,0,0,,0,30,,0,1
316,100,HARD,2026-02-03 08:29:49,101,1,100,100,1,1,0,0,2026-02-03 08:29:52,1970-02-02 02:01:01,2,MODERATE,1,0,0,FINISHED,1,5,ATTACKER,PARTY,0,0,0,0,,0,30,,0,1
317,101,HARD,2026-02-03 08:29:49,101,1,100,100,1,1,0,0,2026-02-03 08:29:51,1970-02-02 02:01:01,2,MODERATE,1,0,0,FINISHED,1,5,ATTACKER,PARTY,0,0,0,0,,0,30,,0,1
318,100,HARD,2026-02-03 08:29:49,101,1,100,100,1,1,0,0,2026-02-03 08:29:51,1970-02-02 02:01:01,2,MODERATE,1,0,0,FINISHED,1,5,ATTACKER,PARTY,0,0,0,0,,0,30,,0,1
319,101,HARD,2026-02-03 08:34:27,101,1,100,100,1,1,0,0,2026-02-03 08:34:30,1970-02-02 02:01:01,2,MODERATE,1,0,0,FINISHED,1,5,ATTACKER,PARTY,0,0,0,0,,0,30,,0,1
320,101,HARD,2026-02-03 08:34:27,101,1,100,100,1,1,0,0,2026-02-03 08:34:30,1970-02-02 02:01:01,2,MODERATE,1,0,0,FINISHED,1,5,ATTACKER,PARTY,0,0,0,0,,0,30,,0,1
321,101,HARD,2026-02-03 08:34:27,101,1,100,100,1,1,0,0,2026-02-03 08:34:29,1970-02-02 02:01:01,2,MODERATE,1,0,0,FINISHED,1,5,ATTACKER,PARTY,0,0,0,0,,0,30,,0,1
322,100,HARD,2026-02-03 08:34:27,101,1,100,100,1,1,0,0,2026-02-03 08:34:30,1970-02-02 02:01:01,2,MODERATE,1,0,0,FINISHED,1,5,ATTACKER,PARTY,0,0,0,0,,0,30,,0,1
323,100,HARD,2026-02-03 08:34:27,101,1,100,100,1,1,0,0,2026-02-03 08:34:29,1970-02-02 02:01:01,2,MODERATE,1,0,0,FINISHED,1,5,ATTACKER,PARTY,0,0,0,0,,0,30,,0,1
324,100,HARD,2026-02-03 08:34:28,101,1,100,100,1,1,0,0,2026-02-03 08:34:29,1970-02-02 02:01:01,2,MODERATE,1,0,0,FINISHED,1,5,ATTACKER,PARTY,0,0,0,0,,0,30,,0,1
325,100,HARD,2026-02-03 08:34:28,101,1,100,100,1,1,0,0,2026-02-03 08:34:29,1970-02-02 02:01:01,2,MODERATE,1,0,0,FINISHED,1,5,ATTACKER,PARTY,0,0,0,0,,0,30,,0,1
326,101,HARD,2026-02-03 08:34:28,101,1,100,100,1,1,0,0,2026-02-03 08:34:29,1970-02-02 02:01:01,2,MODERATE,1,0,0,FINISHED,1,5,ATTACKER,PARTY,0,0,0,0,,0,30,,0,1
327,100,HARD,2026-02-03 08:34:28,101,1,100,100,1,1,0,0,2026-02-03 08:34:29,1970-02-02 02:01:01,2,MODERATE,1,0,0,FINISHED,1,5,ATTACKER,PARTY,0,0,0,0,,0,30,,0,1
328,101,HARD,2026-02-03 09:08:43,101,1,100,100,1,1,0,0,2026-02-03 09:08:46,1970-02-02 02:01:01,2,MODERATE,1,0,0,FINISHED,1,5,ATTACKER,PARTY,0,0,0,0,,0,30,,0,1
329,101,HARD,2026-02-03 09:08:43,101,1,100,100,1,1,0,0,2026-02-03 09:08:46,1970-02-02 02:01:01,2,MODERATE,1,0,0,FINISHED,1,5,ATTACKER,PARTY,0,0,0,0,,0,30,,0,1
330,100,HARD,2026-02-03 09:08:43,101,1,100,100,1,1,0,0,2026-02-03 09:08:45,1970-02-02 02:01:01,2,MODERATE,1,0,0,FINISHED,1,5,ATTACKER,PARTY,0,0,0,0,,0,30,,0,1
331,100,HARD,2026-02-03 09:08:43,101,1,100,100,1,1,0,0,2026-02-03 09:08:45,1970-02-02 02:01:01,2,MODERATE,1,0,0,FINISHED,1,5,ATTACKER,PARTY,0,0,0,0,,0,30,,0,1
332,100,HARD,2026-02-03 09:08:43,101,1,100,100,1,1,0,0,2026-02-03 09:08:45,1970-02-02 02:01:01,2,MODERATE,1,0,0,FINISHED,1,5,ATTACKER,PARTY,0,0,0,0,,0,30,,0,1
333,100,HARD,2026-02-03 09:08:43,101,1,100,100,1,1,0,0,2026-02-03 09:08:45,1970-02-02 02:01:01,2,MODERATE,1,0,0,FINISHED,1,5,ATTACKER,PARTY,0,0,0,0,,0,30,,0,1
334,101,HARD,2026-02-03 09:08:43,101,1,100,100,1,1,0,0,2026-02-03 09:08:45,1970-02-02 02:01:01,2,MODERATE,1,0,0,FINISHED,1,5,ATTACKER,PARTY,0,0,0,0,,0,30,,0,1
335,100,HARD,2026-02-03 09:08:43,101,1,100,100,1,1,0,0,2026-02-03 09:08:46,1970-02-02 02:01:01,2,MODERATE,1,0,0,FINISHED,1,5,ATTACKER,PARTY,0,0,0,0,,0,30,,0,1
336,101,HARD,2026-02-03 09:08:43,101,1,100,100,1,1,0,0,2026-02-03 09:08:45,1970-02-02 02:01:01,2,MODERATE,1,0,0,FINISHED,1,5,ATTACKER,PARTY,0,0,0,0,,0,30,,0,1
337,101,HARD,2026-02-03 09:49:39,153,1,100,100,1.1,1.1,0,0,2026-02-03 09:50:25,1970-02-02 02:01:01,2,MODERATE,1,0,0,FINISHED,1,5,ATTACKER,PARTY,0,0,0,0,,0,15,,0,1
338,100,HARD,2026-02-03 12:26:18,101,1,100,100,1,1,0,0,2026-02-03 12:26:20,1970-02-02 02:01:01,2,MODERATE,1,0,0,FINISHED,1,5,ATTACKER,PARTY,0,0,0,0,,0,30,,0,1
339,100,HARD,2026-02-03 12:26:18,101,1,100,100,1,1,0,0,2026-02-03 12:26:20,1970-02-02 02:01:01,2,MODERATE,1,0,0,FINISHED,1,5,ATTACKER,PARTY,0,0,0,0,,0,30,,0,1
340,101,HARD,2026-02-03 12:26:18,101,1,100,100,1,1,0,0,2026-02-03 12:26:21,1970-02-02 02:01:01,2,MODERATE,1,0,0,FINISHED,1,5,ATTACKER,PARTY,0,0,0,0,,0,30,,0,1
341,101,HARD,2026-02-03 12:26:18,101,1,100,100,1,1,0,0,2026-02-03 12:26:21,1970-02-02 02:01:01,2,MODERATE,1,0,0,FINISHED,1,5,ATTACKER,PARTY,0,0,0,0,,0,30,,0,1
342,100,HARD,2026-02-03 12:26:18,101,1,100,100,1,1,0,0,2026-02-03 12:26:20,1970-02-02 02:01:01,2,MODERATE,1,0,0,FINISHED,1,5,ATTACKER,PARTY,0,0,0,0,,0,30,,0,1
343,100,HARD,2026-02-03 12:26:18,101,1,100,100,1,1,0,0,2026-02-03 12:26:21,1970-02-02 02:01:01,2,MODERATE,1,0,0,FINISHED,1,5,ATTACKER,PARTY,0,0,0,0,,0,30,,0,1
344,101,HARD,2026-02-03 12:26:18,101,1,100,100,1,1,0,0,2026-02-03 12:26:20,1970-02-02 02:01:01,2,MODERATE,1,0,0,FINISHED,1,5,ATTACKER,PARTY,0,0,0,0,,0,30,,0,1
345,100,HARD,2026-02-03 12:26:18,101,1,100,100,1,1,0,0,2026-02-03 12:26:20,1970-02-02 02:01:01,2,MODERATE,1,0,0,FINISHED,1,5,ATTACKER,PARTY,0,0,0,0,,0,30,,0,1
346,101,HARD,2026-02-03 12:26:18,101,1,100,100,1,1,0,0,2026-02-03 12:26:20,1970-02-02 02:01:01,2,MODERATE,1,0,0,FINISHED,1,5,ATTACKER,PARTY,0,0,0,0,,0,30,,0,1
347,100,HARD,2026-02-03 13:02:51,101,1,100,100,1,1,0,0,2026-02-03 13:02:52,1970-02-02 02:01:01,2,MODERATE,1,0,0,FINISHED,1,5,ATTACKER,PARTY,0,0,0,0,,0,30,,0,1
348,101,HARD,2026-02-03 13:02:51,101,1,100,100,1,1,0,0,2026-02-03 13:02:53,1970-02-02 02:01:01,2,MODERATE,1,0,0,FINISHED,1,5,ATTACKER,PARTY,0,0,0,0,,0,30,,0,1
349,101,HARD,2026-02-03 13:02:51,101,1,100,100,1,1,0,0,2026-02-03 13:02:54,1970-02-02 02:01:01,2,MODERATE,1,0,0,FINISHED,1,5,ATTACKER,PARTY,0,0,0,0,,0,30,,0,1
350,100,HARD,2026-02-03 13:02:51,101,1,100,100,1,1,0,0,2026-02-03 13:02:54,1970-02-02 02:01:01,2,MODERATE,1,0,0,FINISHED,1,5,ATTACKER,PARTY,0,0,0,0,,0,30,,0,1
351,100,HARD,2026-02-03 13:02:51,101,1,100,100,1,1,0,0,2026-02-03 13:02:53,1970-02-02 02:01:01,2,MODERATE,1,0,0,FINISHED,1,5,ATTACKER,PARTY,0,0,0,0,,0,30,,0,1
352,101,HARD,2026-02-03 13:02:51,101,1,100,100,1,1,0,0,2026-02-03 13:02:54,1970-02-02 02:01:01,2,MODERATE,1,0,0,FINISHED,1,5,ATTACKER,PARTY,0,0,0,0,,0,30,,0,1
353,100,HARD,2026-02-03 13:02:51,101,1,100,100,1,1,0,0,2026-02-03 13:02:53,1970-02-02 02:01:01,2,MODERATE,1,0,0,FINISHED,1,5,ATTACKER,PARTY,0,0,0,0,,0,30,,0,1
354,101,HARD,2026-02-03 13:02:51,101,1,100,100,1,1,0,0,2026-02-03 13:02:53,1970-02-02 02:01:01,2,MODERATE,1,0,0,FINISHED,1,5,ATTACKER,PARTY,0,0,0,0,,0,30,,0,1
355,100,HARD,2026-02-03 13:02:51,101,1,100,100,1,1,0,0,2026-02-03 13:02:53,1970-02-02 02:01:01,2,MODERATE,1,0,0,FINISHED,1,5,ATTACKER,PARTY,0,0,0,0,,0,30,,0,1
