u313,u313
u314,u314
u315,u315
u316,u316
u317,u317
u318,u318
u319,u319
u320,u320
u321,u321
u322,u322
u323,u323
u325,u325
u326,u326
u327,u327
u328,u328
u329,u328
u330,u330
u331,u331
u332,u328
u333,u333
u334,u334
u335,u335
u336,u336
u337,u337
u338,u338
u339,u339
u340,u340
u341,u341
u342,u342
u343,u343
u344,u344
u345,u345
u346,u346
u347,u347
u348,u348
u349,u349
u350,u350
u351,u351
u352,u352
u353,u353
u354,u354
u355,u355
u356,u356
u357,u357
u358,u358
u359,u359
u360,u360
u361,u361
u362,u362
u363,u363
u364,u364
u365,u365
u366,u366
u367,u367
u368,u339
u369,u369
u370,u370
u371,u371
u372,u372
u373,u373
u374,u374
u375,u375
u376,u339
u377,u377
u378,u378
u379,u379
u380,u380
u381,u381
u382,u382
u383,u383
u384,u384
u385,u385
u386,u351
u387,u387
u388,u388
u389,u389
u390,u390
u391,u391
u392,u392
u393,u393
u394,u394
u395,u395
u396,u396
u397,u355
u398,u398
u399,u399
u400,u400
u401,u401
u402,u402
u403,u403
u404,u404
u405,u405
u406,u406
u407,u407
u408,u408
u409,u409
u410,u410
u411,u411
u412,u412
u413,u413
u414,u414
u415,u415
u416,u416
u417,u417
u418,u418
u419,u419
u420,u420
u421,u421
u422,u422
u423,u355
u424,u424
u425,u425
u426,u426
u427,u427
u428,u428
u429,u429
u430,u430
u431,u426
u432,u432
u433,u433
u434,u434
u435,u435
u436,u436
u437,u437
u438,u438
u439,u439
u440,u440
u441,u441
u442,u442
u443,u443
u444,u444
u445,u445
u446,u446
u447,u447
u448,u448
u449,u449
u450,u450
u451,u451
u452,u443
u453,u453
u454,u454
u455,u455
u456,u456
u457,u457
u458,u458
u459,u459
u460,u460
u461,u461
u462,u462
u463,u463
u464,u420
u465,u465
u466,u466
u467,u467
u468,u460
u469,u469
u470,u470
u471,u471
u472,u472
u473,u473
u474,u405
u475,u475
u476,u476
u477,u477
u478,u478
u479,u479
u480,u480
u481,u481
u482,u482
u483,u483
u484,u484
u485,u485
u486,u362
u487,u487
u488,u488
u489,u489
u490,u490
u491,u491
u492,u492
u493,u493
u494,u494
u495,u495
u496,u496
u497,u497
u498,u498
u499,u471
u500,u500
u501,u501
u502,u502
u503,u503
u504,u504
u505,u505
u506,u506
u507,u507
u508,u508
u509,u509
u510,u510
u511,u511
u512,u512
u513,u513
u514,u514
u515,u473
u516,u516
u517,u517
u518,u518
u519,u519
u520,u520
u521,u521
u522,u522
u523,u523
u524,u524
u526,u526
u527,u527
u528,u331
u529,u529
u530,u318
u531,u531
u532,u532
u533,u533
u534,u534
u535,u535
u536,u536
u537,u408
u539,u539
u540,u540
u541,u541
u542,u542
u544,u544
u545,u545
u546,u546
u547,u547
u548,u548
u549,u549
u550,u550
u552,u552
u553,u553
u554,u554
u555,u555
u556,u556
u557,u557
u558,u558
u559,u559
u560,u560
u561,u561
u562,u562
u563,u563
u564,u564
u565,u565
u566,u509
u567,u567
u568,u568
u569,u506
u570,u570
u571,u571
u572,u572
u573,u573
u574,u574
u575,u575
u576,u576
u577,u577
u578,u578
u579,u579
u580,u580
u581,u581
u582,u582
u583,u540
u584,u584
u585,u585
u586,u586
u587,u587
u588,u588
u589,u589
u590,u590
u591,u591
u592,u592
u593,u593
u594,u594
u595,u595
u596,u596
u597,u597
u599,u599
u600,u420
u601,u601
u603,u603
u604,u604
u605,u511
u606,u606
u607,u607
u608,u608
u609,u609
u610,u610
u611,u611
u612,u612
u613,u613
u614,u614
u615,u615
u616,u616
u617,u617
u618,u618
u619,u619
u620,u620
u621,u621
u622,u622
u623,u623
u624,u611
u625,u460
u626,u626
u627,u627
u628,u628
u629,u445
u630,u630
u631,u631
u632,u632
u633,u633
u634,u634
u635,u353
u636,u636
u637,u637
u638,u638
u639,u639
u640,u640
u641,u641
u642,u642
u643,u643
u644,u644
u645,u645
u646,u454
u647,u647
u648,u648
u649,u649
u650,u650
u651,u651
u652,u652
u653,u653
u654,u654
u655,u655
u656,u656
u657,u657
u658,u422
u659,u659
u660,u660
u661,u661
u662,u662
u663,u663
u664,u664
u665,u665
u666,u666
u667,u667
u668,u668
u669,u669
u670,u670
u671,u671
u672,u672
u673,u491
u674,u674
u676,u676
u677,u521
u678,u382
u679,u520
u680,u680
u681,u681
u682,u682
u683,u683
u684,u684
u685,u685
u686,u390
u687,u687
u688,u688
u689,u689
u690,u690
u691,u691
u692,u692
u693,u693
u694,u694
u695,u618
u696,u696
u697,u697
u698,u450
u699,u699
u700,u700
u701,u701
u702,u702
u703,u703
u704,u704
u705,u470
u706,u706
u707,u707
u708,u398
u709,u437
u710,u710
u711,u711
u712,u712
u713,u713
u714,u714
u715,u715
u716,u314
u717,u717
u718,u718
u719,u719
u720,u720
u721,u333
u722,u722
u723,u723
u724,u331
u725,u725
u726,u726
u727,u727
u728,u422
u730,u712
u731,u731
u732,u732
u733,u733
u734,u734
u735,u331
u736,u328
u737,u737
u738,u445
u739,u739
u740,u740
u741,u339
u742,u742
u743,u743
u744,u744
u745,u689
u746,u477
u747,u747
u748,u330
u749,u511
u750,u750
u751,u326
u752,u318
u753,u472
u754,u754
u755,u755
u756,u733
u757,u361
u758,u331
u759,u315
u760,u760
u761,u550
u762,u443
u763,u763
u764,u764
u765,u717
u766,u370
u767,u355
u768,u768
u769,u769
u770,u318
u771,u420
u772,u772
u773,u773
u774,u774
u775,u775
u776,u776
u777,u777
u778,u778
u780,u780
u781,u781
u782,u610
u783,u471
u785,u471
u786,u786
u787,u370
u788,u484
u790,u790
u791,u791
u792,u792
u793,u793
u794,u370
u795,u795
u796,u796
u798,u798
u799,u799
u800,u555
u801,u491
u802,u802
u804,u396
u805,u805
u806,u321
u807,u807
u808,u643
u809,u610
u811,u811
u812,u812
u813,u813
u814,u814
u817,u817
u818,u818
u820,u820
u821,u821
u822,u616
u824,u495
u825,u663
u826,u826
u827,u827
u828,u535
u829,u829
u830,u830
u831,u831
u833,u541
u834,u444
u835,u835
u836,u836
u837,u484
u838,u428
u839,u448
u840,u487
u841,u841
u842,u842
u843,u843
u844,u664
u845,u845
u846,u846
u847,u540
u848,u848
u849,u669
u850,u850
u851,u581
u852,u567
u853,u853
u855,u437
u856,u591
u857,u857
u858,u398
u859,u373
u860,u860
u861,u861
u862,u862
u863,u863
u864,u864
u865,u555
u866,u866
u867,u867
u868,u868
u869,u651
u870,u482
u871,u871
u873,u362
u874,u874
u875,u875
u876,u621
u877,u877
u878,u878
u879,u850
u880,u483
u881,u498
u882,u882
u883,u883
u884,u884
u885,u885
u886,u886
u887,u326
u888,u336
u889,u889
u890,u890
u891,u891
u892,u483
u893,u893
u894,u894
u895,u895
u897,u897
u898,u377
u899,u373
u901,u901
u902,u902
u903,u903
u904,u904
u905,u905
u906,u349
u907,u396
u908,u908
u909,u909
u911,u911
u912,u912
u913,u422
u914,u914
u915,u915
u916,u916
u917,u917
u918,u918
u919,u919
u920,u920
u921,u921
u922,u922
u923,u923
u924,u924
u925,u584
u926,u926
u927,u927
u928,u585
u929,u929
u930,u930
u931,u909
u932,u932
u933,u362
u934,u934
u935,u935
u936,u936
u937,u405
u938,u938
u939,u426
u940,u437
u941,u941
u942,u942
u943,u943
u944,u321
u945,u405
u946,u946
u947,u947
u948,u491
u949,u742
u950,u950
u951,u951
u952,u952
u953,u953
u954,u954
u955,u733
u956,u689
u957,u957
u958,u958
u959,u510
u960,u960
u961,u545
u962,u962
u963,u963
u964,u964
u965,u965
u966,u966
u967,u755
u968,u968
u969,u969
u970,u747
u971,u971
u972,u411
u973,u973
u974,u974
u975,u975
u976,u555
u977,u611
u978,u604
u979,u979
u980,u980
u981,u981
u982,u982
u983,u983
u984,u984
u985,u985
u986,u986
u987,u987
u988,u988
u989,u989
u990,u375
u991,u991
u992,u992
u993,u409
u994,u994
u995,u712
u996,u996
u997,u448
u998,u511
u999,u891
u1000,u1000
u1001,u1001
u1002,u1002
u1003,u398
u1004,u1004
u1005,u643
u1006,u1006
u1007,u843
u1008,u567
u1009,u1009
u1010,u1010
u1011,u336
u1012,u1012
u1013,u1013
u1014,u1014
u1015,u1015
u1016,u445
u1017,u1017
u1018,u936
u1019,u1019
u1020,u596
u1021,u1021
u1022,u1022
u1023,u1023
u1024,u1024
u1025,u774
u1026,u1026
u1027,u1027
u1028,u918
u1029,u1029
u1030,u396
u1031,u1031
u1032,u1032
u1033,u740
u1034,u1034
u1035,u1035
u1036,u1036
u1037,u1037
u1038,u1038
u1039,u1039
u1040,u1040
u1041,u437
u1042,u769
u1043,u1043
u1044,u1044
u1045,u411
u1046,u1046
u1047,u594
u1048,u1048
u1049,u1049
u1050,u604
u1051,u827
u1052,u1052
u1053,u353
u1054,u1054
u1055,u1055
u1056,u1056
u1057,u1057
u1058,u1058
u1059,u1059
u1060,u1060
u1061,u1061
u1062,u1062
u1063,u1063
u1064,u1064
u1065,u1065
u1066,u1066
u1067,u1067
u1068,u1068
u1069,u994
u1070,u1070
u1071,u706
u1072,u1072
u1073,u1073
u1074,u1074
u1075,u1075
u1076,u1076
u1077,u1077
u1078,u1078
u1079,u1079
u1080,u1080
u1081,u1081
u1082,u1082
u1083,u620
u1106,u1106
u1107,u1107
u1108,u947
u1109,u733
u1111,u491
u1112,u733
u1113,u555
u1114,u1114
u1116,u315
u1117,u531
u1118,u694
u1119,u964
u1120,u511
u1121,u458
u1122,u927
u1123,u1123
u1124,u352
u1125,u827
u1126,u1126
u1127,u1127
u1128,u395
u1129,u799
u1131,u1131
u1132,u411
u1134,u377
u1135,u1135
u1136,u593
u1137,u994
u1138,u1138
u1139,u1139
u1140,u328
u1142,u1142
u1143,u1143
u1144,u362
u1145,u328
u1146,u437
u1147,u314
u1149,u1149
u1150,u1150
u1151,u1010
u1153,u1153
u1154,u1154
u1155,u567
u1156,u902
u1157,u1157
u1158,u388
u1159,u518
u1160,u339
u1161,u599
u1162,u1162
u1163,u1163
u1164,u994
u1165,u1165
u1167,u1167
u1168,u339
u1169,u1169
u1170,u1170
u1171,u517
u1172,u1172
u1173,u1173
u1174,u1174
u1175,u511
u1176,u1176
u1177,u1143
u1178,u1178
u1179,u567
u1180,u1180
u1181,u1181
u1182,u1182
u1184,u927
u1185,u1185
u1186,u947
u1187,u830
u1188,u355
u1189,u1189
u1190,u935
u1191,u1191
u1192,u1192
u1193,u1193
u1194,u1194
u1195,u1195
u1196,u1196
u1197,u1197
u1198,u398
u1199,u1199
u1201,u669
u1202,u773
u1204,u1204
u1205,u1205
u1206,u422
u1207,u1207
u1208,u1057
u1209,u795
u1210,u1210
u1211,u1211
u1213,u927
u1214,u1214
u1216,u1216
u1217,u1022
u1218,u1218
u1219,u1219
u1220,u491
u1221,u1221
u1223,u1223
u1224,u1224
u1226,u1226
u1227,u1227
u1228,u1228
u1229,u1229
u1230,u1230
u1231,u1231
u1232,u1232
u1234,u1234
u1235,u321
u1236,u1236
u1237,u318
u1238,u1238
u1239,u1239
u1240,u1240
u1241,u909
u1242,u1242
u1243,u884
u1244,u1244
u1245,u1245
u1246,u1246
u1247,u1247
u1248,u1248
u1249,u769
u1250,u1250
u1251,u369
u1252,u1252
u1253,u1253
u1254,u1254
u1255,u318
u1256,u541
u1257,u1257
u1258,u1258
u1259,u1259
u1260,u1138
u1261,u943
u1262,u1262
u1263,u1263
u1264,u471
u1265,u1265
u1266,u1266
u1267,u1057
u1268,u353
u1269,u1269
u1270,u1270
u1271,u1271
u1272,u1272
u1273,u445
u1274,u1274
u1275,u331
u1276,u1276
u1277,u403
u1278,u1278
u1279,u1279
u1280,u1280
u1281,u540
u1282,u684
u1283,u1283
u1284,u841
u1285,u1285
u1286,u1286
u1287,u718
u1288,u1288
u1289,u1289
u1290,u669
u1291,u1291
u1292,u1292
u1293,u581
u1294,u1294
u1295,u1295
u1296,u1296
u1297,u1205
u1298,u1252
u1299,u1299
u1301,u1139
u1302,u1013
u1303,u1219
u1304,u1304
u1306,u1153
u1307,u1307
u1308,u733
u1309,u1309
u1310,u915
u1311,u1311
u1312,u1312
u1313,u1313
u1314,u1314
u1315,u1315
u1316,u1316
u1317,u1317
u1318,u1318
u1319,u643
u1320,u1320
u1321,u1321
u1322,u350
u1323,u409
u1324,u1324
u1325,u799
u1326,u610
u1327,u1327
u1328,u1328
u1329,u1329
u1330,u841
u1331,u1331
u1332,u531
u1333,u1333
u1334,u743
u1335,u1335
u1336,u471
u1337,u1337
u1338,u317
u1339,u1339
u1340,u1340
u1341,u1341
u1342,u619
u1343,u1343
u1344,u1344
u1345,u1345
u1346,u1346
u1347,u1347
u1348,u1314
u1349,u1349
u1350,u1350
u1351,u385
u1352,u1352
u1353,u684
u1354,u1231
u1355,u1355
u1356,u884
u1357,u1357
u1358,u918
u1359,u610
u1361,u1361
u1362,u792
u1363,u1363
u1364,u1364
u1366,u1366
u1367,u1367
u1368,u1368
u1370,u1370
u1372,u1372
u1373,u821
u1375,u1375
u1376,u1376
u1377,u1377
u1378,u1378
u1379,u1379
u1380,u1380
u1381,u463
u1382,u1382
u1383,u535
u1384,u1384
u1385,u1385
u1386,u1386
u1387,u1387
u1388,u1331
u1389,u818
u1390,u1390
u1391,u1391
u1392,u1392
u1393,u1393
u1394,u1394
u1395,u1395
u1396,u1396
u1397,u1397
u1398,u1398
u1399,u1182
u1400,u484
u1401,u1401
u1402,u1402
u1403,u1403
u1404,u421
u1405,u1405
u1406,u1406
u1408,u1408
u1409,u494
u1410,u1410
u1413,u1413
u1414,u545
u1415,u1415
u1416,u1416
u1417,u1417
u1418,u1418
u1419,u1419
u1420,u1420
u1421,u1421
u1422,u419
u1423,u1423
u1424,u1424
u1425,u1425
u1426,u1426
u1427,u963
u1428,u1428
u1431,u1431
u1432,u1432
u1433,u1433
u1434,u1434
u1435,u1435
u1436,u960
u1437,u435
u1438,u1438
u1439,u1439
u1440,u465
u1442,u460
u1443,u613
u1444,u1444
u1445,u891
u1446,u664
u1447,u1447
u1448,u1448
u1449,u1449
u1451,u1451
u1452,u1238
u1453,u688
u1454,u359
u1455,u1455
u1456,u1456
u1457,u1457
u1458,u1458
u1460,u396
u1461,u1461
u1463,u1463
u1464,u1464
u1465,u1465
u1466,u1466
u1467,u607
u1468,u1468
u1469,u725
u1471,u1471
u1472,u631
u1473,u448
u1474,u1474
u1475,u1475
u1476,u1029
u1478,u1478
u1479,u1479
u1480,u1480
u1481,u936
u1482,u1482
u1483,u1483
u1484,u1484
u1485,u750
u1486,u1486
u1488,u1331
u1489,u1489
u1490,u498
u1491,u884
u1492,u947
u1493,u316
u1494,u331
u1495,u1495
u1496,u1496
u1497,u1497
u1498,u322
u1499,u316
u1500,u375
u1501,u1501
u1502,u328
u1503,u827
u1504,u1504
u1505,u733
u1506,u1506
u1507,u1507
u1508,u1191
u1509,u1123
u1510,u1510
u1511,u314
u1512,u689
u1515,u723
u1516,u1516
u1518,u1518
u1519,u1519
u1520,u1520
u1522,u333
u1523,u1523
u1524,u1524
u1525,u1525
u1526,u545
u1527,u1527
u1528,u1528
u1529,u973
u1531,u1531
u1532,u437
u1533,u422
u1534,u1367
u1535,u1520
u1536,u1536
u1537,u1537
u1538,u521
u1539,u1539
u1540,u1540
u1541,u588
u1542,u1246
u1543,u1543
u1544,u1544
u1545,u398
u1546,u1546
u1547,u1547
u1548,u484
u1549,u1068
u1550,u884
u1551,u909
u1552,u1552
u1554,u1554
u1555,u1555
u1556,u1556
u1557,u1557
u1558,u1558
u1559,u1559
u1560,u918
u1561,u885
u1562,u763
u1563,u1563
u1564,u1564
u1565,u688
u1566,u1566
u1567,u531
u1568,u1568
u1569,u484
u1570,u483
u1571,u1571
u1572,u994
u1573,u443
u1574,u1574
u1576,u1576
u1577,u772
u1578,u349
u1579,u1579
u1580,u443
u1581,u1581
u1582,u444
u1583,u1583
u1584,u1584
u1585,u318
u1586,u511
u1587,u1587
u1588,u1588
u1589,u567
u1590,u619
u1591,u1591
u1592,u411
u1593,u353
u1594,u740
u1595,u1595
u1596,u1596
u1597,u1232
u1598,u1598
u1599,u1599
u1600,u1600
u1601,u669
u1602,u918
u1603,u1246
u1604,u1604
u1605,u465
u1606,u1606
u1607,u1607
u1608,u1608
u1609,u428
u1610,u1610
u1611,u1238
u1613,u643
u1614,u1614
u1616,u1616
u1617,u1258
u1618,u1366
u1619,u1619
u1620,u1620
u1621,u1621
u1622,u739
u1623,u501
u1624,u1624
u1625,u1625
u1626,u725
u1627,u1627
u1628,u1628
u1629,u398
u1630,u1630
u1631,u1631
u1632,u1632
u1633,u1633
u1634,u1634
u1635,u1635
u1636,u1636
u1637,u1637
u1638,u1286
u1639,u1639
u1640,u422
u1641,u1587
u1643,u1643
u1644,u1239
u1645,u1645
u1646,u1357
u1648,u1648
u1649,u1649
u1650,u890
u1651,u1651
u1652,u1652
u1653,u683
u1654,u1654
u1655,u1655
u1656,u1656
u1657,u1657
u1658,u1519
u1659,u1571
u1660,u610
u1661,u1661
u1662,u1662
u1663,u1663
u1664,u1664
u1665,u1665
u1666,u1666
u1667,u1667
u1668,u1668
u1669,u1669
u1670,u1670
u1671,u1671
u1673,u714
u1675,u1314
u1676,u1676
u1677,u1231
u1678,u1678
u1679,u799
u1680,u355
u1681,u1681
u1682,u1682
u1683,u610
u1684,u927
u1685,u1685
u1686,u1686
u1687,u1687
u1688,u684
u1689,u1689
u1690,u561
u1691,u321
u1692,u1366
u1693,u1693
u1694,u1694
u1695,u836
u1696,u511
u1697,u350
u1698,u1698
u1699,u1067
u1700,u567
u1701,u326
u1702,u1702
u1703,u1703
u1704,u1704
u1705,u773
u1706,u478
u1707,u621
u1708,u491
u1709,u1709
u1710,u336
u1711,u1711
u1712,u1712
u1713,u1713
u1714,u1714
u1715,u1715
u1716,u1716
u1717,u1717
u1719,u1719
u1720,u1720
u1721,u1721
u1722,u1029
u1723,u1723
u1724,u1724
u1725,u377
u1726,u1182
u1727,u1727
u1728,u574
u1729,u1729
u1730,u409
u1731,u1731
u1732,u1732
u1733,u370
u1734,u1734
u1735,u1735
u1736,u1736
u1737,u926
u1738,u362
u1739,u1739
u1740,u1740
u1741,u1741
u1742,u541
u1743,u484
u1744,u1744
u1745,u1745
u1746,u1444
u1747,u1747
u1748,u1748
u1749,u1749
u1750,u1750
u1752,u531
u1754,u333
u1755,u1755
u1756,u1756
u1757,u1757
u1758,u1758
u1759,u334
u1760,u1760
u1762,u1762
u1763,u1023
u1764,u1764
u1765,u567
u1767,u1197
u1768,u1768
u1769,u336
u1770,u1762
u1771,u352
u1772,u318
u1773,u370
u1774,u1774
u1775,u1775
u1776,u1232
u1778,u774
u1779,u1779
u1780,u1780
u1781,u1781
u1782,u1782
u1784,u408
u1785,u1785
u1786,u471
u1787,u1231
u1788,u1788
u1790,u1790
u1791,u1791
u1792,u448
u1793,u447
u1794,u688
u1795,u1795
u1796,u1796
u1797,u471
u1798,u541
u1799,u1328
u1800,u1800
u1801,u1801
u1802,u1802
u1804,u1694
u1805,u1805
u1806,u1806
u1807,u986
u1808,u1343
u1810,u1810
u1812,u643
u1813,u1813
u1814,u1814
u1815,u1815
u1816,u1816
u1817,u1335
u1818,u1818
u1819,u1819
u1820,u1588
u1821,u1821
u1822,u1557
u1823,u1823
u1824,u1824
u1825,u408
u1826,u1826
u1827,u1827
u1828,u1828
u1831,u1831
u1832,u1832
u1833,u1833
u1834,u1834
u1835,u1835
u1836,u1836
u1837,u1837
u1838,u732
u1839,u1839
u1840,u1840
u1841,u1841
u1843,u1843
u1844,u1844
u1845,u1845
u1846,u1846
u1848,u1848
u1849,u1849
u1850,u1850
u1851,u1851
u1852,u1029
u1853,u1853
u1854,u1143
u1855,u663
u1857,u1857
u1858,u1858
u1859,u1859
u1860,u361
u1861,u631
u1862,u1862
u1863,u317
u1864,u613
u1865,u441
u1866,u1866
u1867,u1867
u1868,u1868
u1870,u1479
u1871,u1871
u1872,u1872
u1873,u1873
u1874,u1874
u1875,u1875
u1876,u477
u1877,u574
u1878,u1878
u1879,u556
u1880,u1880
u1881,u1881
u1882,u1882
u1883,u565
u1884,u1884
u1885,u1885
u1886,u1886
u1887,u1887
u1888,u1238
u1889,u1439
u1890,u1890
u1891,u1891
u1892,u885
u1893,u927
u1894,u1894
u1895,u444
u1896,u1896
u1897,u1897
u1898,u1898
u1899,u1899
u1900,u1900
u1901,u684
u1902,u419
u1903,u1456
u1904,u1904
u1906,u1906
u1907,u1655
u1908,u1908
u1909,u1232
u1910,u395
u1911,u1911
u1912,u1912
u1913,u1913
u1914,u1914
u1916,u1916
u1917,u1917
u1918,u1918
u1919,u841
u1920,u718
u1922,u1824
u1924,u1924
u1925,u353
u1926,u1926
u1928,u1928
u1929,u1929
u1930,u1930
u1931,u1931
u1932,u1932
u1933,u621
u1935,u843
u1936,u1936
u1937,u1937
l262,u314
l263,l263
l264,u422
l265,u683
l266,l266
l267,u463
l268,u911
l269,l269
l270,l270
l271,u722
l272,u314
l273,l263
l274,u883
l275,l275
l276,l276
l277,l277
l278,u591
l279,l279
l280,u318
l281,u1139
l282,l282
l283,u1009
l284,l284
l285,u610
l286,u349
l287,u994
l288,u1841
l289,u1839
l290,u722
l291,l291
l292,u1114
l293,u1029
l294,l294
l295,u599
l296,u843
l297,u511
l298,u1227
l299,l299
l300,u1836
l301,u1363
l302,l302
l303,u491
l304,u613
l305,l305
l306,l306
l307,l307
l308,u593
l309,l309
l310,l310
l311,u926
l312,u644
l313,l313
l314,l314
l315,l315
l316,u1048
l317,l317
l318,u769
l319,u669
l320,u437
l321,l321
l322,l322
l323,u680
l324,u621
l325,u704
l326,l326
l327,u1900
l328,l299
l329,l329
l330,l330
l331,u688
l332,l332
l333,l333
l334,l334
l335,l335
l336,l321
l337,l337
l338,l314
l339,l339
l340,l333
l341,l309
l342,l342
l343,l343
l344,u549
l345,l345
l346,u670
l347,u774
l348,u943
l349,l349
l350,l350
l351,u613
l352,l352
l353,u631
l354,l354
l355,l355
l356,l356
l357,l357
l358,u333
l359,l359
l360,u991
l361,u398
l362,l362
l363,l363
l364,l359
l365,l365
l366,l366
l367,l367
l368,l368
l369,u535
l370,l370
l371,u428
l372,l372
l374,l374
l375,l375
l376,u1655
l377,u314
l378,u610
l379,u986
l380,u1060
l381,u422
l382,u1821
l383,u1887
l384,l384
l385,u330
l386,u688
l387,l387
l388,l388
l389,l389
l390,u398
l391,u902
l392,u349
l393,u511
l394,u890
l395,l395
l396,u1048
l397,l397
l398,u318
l399,u411
l400,l400
l401,u780
l402,u491
l403,u884
l404,u463
l405,l405
l406,u604
l407,u763
l408,u774
l409,u610
l410,l315
l411,u596
l412,l310
l413,u1231
l414,u535
l415,u943
l416,l294
l417,l417
l418,u1557
l419,u644
l420,l420
l421,l421
l422,u654
l423,l423
l424,u1029
l425,u1079
l426,u352
l427,u774
l428,u680
l429,l429
l430,u1038
l431,l321
l432,l432
l433,u1387
l434,u317
l435,l435
l436,l436
l437,l437
l438,l438
l439,u902
l440,u318
l441,l441
l442,l442
l443,u621
l444,l444
l445,u422
l446,u398
l447,u994
l448,u1839
l449,l314
l450,l450
l451,l451
l452,l299
l453,u936
l454,u353
l455,l357
l456,u1307
l457,u884
l458,l458
l459,u511
l460,l460
l461,u1471
l462,l462
l463,l463
l464,l464
l465,l465
l466,u621
l467,l467
l468,l468
l469,l469
l470,l462
l471,l471
l472,l472
l473,l473
l474,l474
l475,u1839
l476,l476
l477,l477
l478,l400
l479,u843
l480,u353
l481,l481
l482,l482
l483,l483
l484,u363
l485,l485
l486,l486
l487,l487
l488,l488
l489,l489
l490,u1900
l491,l491
l492,u498
l493,u491
l495,u763
l496,u763
l498,u314
l499,u314
l501,u428
l502,l502
l504,l504
l506,u349
l508,l263
l510,u428
l511,u897
l513,l504
l514,u463
l516,u490
l517,u889
l519,u1067
l520,l520
l523,l523
l524,u722
l525,u375
l527,u591
l529,l529
l531,l531
l532,u1034
l534,l534
l536,l310
l537,l537
l539,l539
l541,l541
l543,l543
l544,l544
l546,l315
l548,l548
l550,u607
l551,l294
l553,l553
l554,l554
l555,l302
l556,l556
l558,l321
l559,u897
l561,l315
l563,l363
l564,u780
l565,l299
l566,l294
l568,u1627
l569,l569
l570,u1815
l571,u1114
l573,l359
l576,l314
l577,l333
l578,l263
l580,l580
l581,u670
l583,u683
l584,l584
l585,l585
l587,u704
l588,u1831
l591,l591
l592,l314
l593,u1178
l595,l299
l596,l596
l598,l302
l601,l601
l603,l357
l604,l604
l606,l321
l608,l608
l610,l610
l611,l611
l613,l481
l614,u1040
l615,u680
l617,u490
l619,l619
l620,l620
l621,u314
l622,l622
l623,l531
l624,l624
l625,u445
l626,l626
l627,u883
l628,u1040
l629,u511
l630,l630
l631,u491
l632,u1048
l633,u428
l634,l634
l635,u498
l636,l636
l637,l637
l638,u1788
l639,u1821
l640,u1107
l641,u1815
l642,l642
l643,u763
l644,u535
l645,u463
l646,u1557
l647,u1182
l648,u780
l649,l294
l650,u1826
l651,l471
l652,l652
l653,l653
l654,l460
l655,l655
l656,l656
l657,u613
l658,u1655
l659,u1114
l660,u841
l661,l553
l662,l662
l663,u631
l664,u669
l665,u688
l666,l315
l667,u422
l668,u1463
l669,l669
l670,u994
l671,l671
l672,l672
l673,l363
l674,u398
l675,l263
l676,l395
l677,l375
l678,u884
l680,l680
l681,l681
l683,l683
l684,l601
l685,u1387
l686,u610
l687,l299
l688,u1029
l689,l314
l690,l690
l691,u926
l692,l332
l693,l302
l694,l321
l695,l695
l696,l438
l697,l697
l698,l405
l699,u774
l700,l700
l701,l701
l702,l310
l703,u1648
l704,u704
l705,l705
l706,u680
l707,l468
l708,l708
l709,u353
l710,l710
l711,u314
l712,l712
l713,l713
l714,l714
l715,l715
l716,l716
l717,u911
l718,u422
l719,u663
l720,u621
l721,u994
l722,u780
l723,l723
l724,l539
l725,u1009
l726,u737
l727,u535
l728,u884
l729,u796
l730,u1788
l731,u1756
l732,u774
l733,l733
l734,l734
l735,l294
l736,u445
l737,l737
l738,u610
l739,u722
l740,l740
l741,l741
l742,u688
l743,u613
l744,u596
l745,u1479
l746,u1857
l747,u631
l748,u936
l749,l749
l750,u411
l751,l302
l752,u1887
l753,l753
l754,l321
l755,l569
l756,l417
l757,l504
l758,u398
l759,l375
l760,l315
l761,l761
l762,u318
l763,l299
l764,u1106
l765,u317
l766,l766
l767,l767
l768,l652
l769,l423
l770,l374
l771,l367
l772,l772
l773,l773
l774,l774
l775,u680
l776,l471
l777,u1882
l778,l778
l779,u669
l780,l780
l781,l781
l782,l782
l783,u704
l784,l784
l785,l785
l786,u1648
l787,l787
l788,u1456
l789,l789
l790,l310
l791,u926
l792,l792
l793,l485
l794,l794
l795,l795
l796,u607
l797,u333
l798,u689
l799,l799
l800,l695
l801,l801
l878,u763
l880,u491
l881,u680
l883,u422
l884,u498
l886,l886
l887,u314
l889,u458
l891,l891
l892,l892
l893,l263
l895,l740
l897,u1468
l898,l898
l900,u986
l901,l901
l903,u796
l904,u445
l906,u435
l907,l275
l909,u1655
l910,u349
l911,u926
l913,l357
l914,l914
l916,u994
l917,l917
l919,l395
l921,u610
l922,l922
l924,l924
l925,u943
l927,l927
l928,u1079
l930,l930
l932,l302
l933,l933
l935,u593
l936,l936
l938,l531
l939,u688
l941,u613
l943,u581
l944,u654
l946,u428
l948,u884
l949,u631
l950,u1788
l951,l951
l952,l952
l954,l954
l955,u1448
l957,l462
l958,u1479
l961,l961
l962,l962
l964,l964
l965,l965
l966,l966
l968,l968
l970,l553
l971,l971
l973,l315
l974,u1648
l975,l975
l977,l294
l979,l979
l980,l299
l983,u422
l984,l984
l987,l987
l989,u604
l990,l990
l993,u318
l997,l997
l999,u688
l1002,l1002
l1003,u586
l1005,l1005
l1008,u370
l1009,l485
l1011,u398
l1014,u843
l1016,l276
l1019,u1839
l1021,l314
l1022,l1022
l1026,u774
l1028,l1028
l1030,l1030
l1031,l681
l1032,u610
l1035,l460
l1038,u461
l1042,l349
l1043,l1043
l1045,u1029
l1048,u1557
l1049,u314
l1053,u353
l1056,u428
l1057,u411
l1061,u830
l1062,l1062
l1067,l1067
l1068,l1068
l1073,u1813
l1074,u780
l1078,l469
l1079,l275
l1085,u643
l1086,l520
l1091,l1091
l1092,u722
l1094,l1094
l1097,l1097
l1098,u445
l1102,u737
l1104,l1104
l1107,u1645
l1109,l307
l1111,u704
l1115,l1115
l1118,l1118
l1122,u1114
l1126,l1126
l1128,l1128
l1130,l1130
l1132,u491
l1134,u613
l1140,l554
l1144,u994
l1145,u1439
l1148,u596
l1149,u1456
l1152,u631
l1153,l1153
l1156,l1156
l1159,u841
l1160,u1916
l1164,l984
l1167,u1655
l1172,l1172
l1173,l1173
l1177,l471
l1181,l1181
l1185,u1079
l1186,l1186
l1189,u1448
l1190,l400
l1193,u607
l1195,u314
l1199,l1199
l1200,u1463
l1202,u1841
l1205,l951
l1207,l1207
l1208,u670
l1211,l294
l1213,u1052
l1215,l302
l1217,l263
l1220,l1220
l1221,l321
l1223,l315
l1226,l1226
l1229,l299
l1231,l1231
l1232,l569
l1235,u722
l1239,l1239
l1243,l1243
l1245,u1665
l1248,u613
l1252,u1456
l1255,l375
l1258,l554
l1261,u631
l1265,l553
l1270,u1439
l1271,l1271
l1275,l1275
l1277,u1479
l1281,u1928
l1288,l951
l1291,u1463
l1293,l1293
l1299,l1299
l1301,l741
l1307,l766
l1309,u607
l1311,l294
l1312,l302
l1315,l321
l1317,l315
l1321,l314
l1323,u1114
l1327,l333
l1329,u663
l1331,u670
l1332,l315
l1334,l1334
l1335,l1335
l1337,u314
l1339,l504
l1341,l1341
l1343,l1343
l1345,l294
l1347,l333
l1349,u654
l1350,l375
l1351,l1351
l1352,l1352
l1353,l299
l1354,l305
l1355,l326
l1356,l1356
l1357,l314
l1358,l539
l1359,u349
l1360,l601
l1361,l357
l1362,l302
l1363,l321
l1364,l1364
l1365,u1479
l1366,l951
l1367,u1456
l1368,u607
l1369,u321
l1370,l1370
l1371,l374
l1372,l1372
l1373,u1114
l1374,l1374
l1375,u680
l1376,l1376
l1377,l1377
l1378,u697
l1379,l282
l1380,l1380
l1381,l1381
l1425,u318
l1426,u643
l1428,u610
l1430,u1750
l1432,l723
l1433,u1299
l1435,u1421
l1436,u1270
l1437,l1437
l1439,u884
l1440,u318
l1442,l683
l1444,u511
l1445,l463
l1447,u411
l1448,u994
l1450,l1450
l1451,l1451
l1452,u333
l1454,u610
l1455,l276
l1457,u943
l1458,u594
l1459,u596
l1460,u830
l1462,u333
l1464,l1464
l1465,l1465
l1466,u422
l1468,l1468
l1469,u535
l1471,l1471
l1473,l975
l1474,u943
l1476,l1476
l1477,u688
l1479,l1479
l1480,u1191
l1482,l1482
l1483,l1483
l1485,l462
l1487,u491
l1488,l1488
l1489,l1489
l1491,u926
l1492,l1492
l1494,u1107
l1495,u383
l1497,u511
l1498,u1788
l1500,u669
l1501,l1501
l1503,l1503
l1504,l801
l1506,u1060
l1507,u460
l1510,l1510
l1511,u565
l1512,l473
l1513,l979
l1515,l1515
l1517,u1079
l1518,l1518
l1520,l1520
l1521,l1521
l1522,l1522
l1524,l400
l1525,l1525
l1527,l1527
l1528,l1528
l1530,u1655
l1531,u445
l1533,l1005
l1534,u1557
l1535,u1038
l1537,u403
l1539,l1539
l1540,u696
l1541,l1541
l1542,l1542
l1543,l1543
l1544,u1079
l1545,l712
l1546,u891
l1547,u465
l1549,u843
l1550,u643
l1551,u1648
l1553,u774
l1555,u1836
l1556,l1556
l1557,l1557
l1559,u422
l1560,u314
l1561,l1561
l1563,u1557
l1565,l504
l1566,l1566
l1568,u883
l1570,l1118
l1571,u375
l1573,u398
l1575,u1857
l1576,l534
l1577,u610
l1579,u490
l1581,u318
l1582,u763
l1583,u1029
l1585,u1815
l1586,u411
l1588,u780
l1589,l1589
l1591,u1756
l1592,u581
l1594,u596
l1596,u349
l1597,u1655
l1599,l529
l1600,u688
l1602,l263
l1603,u574
l1605,l1605
l1606,u353
l1608,u654
l1610,u717
l1611,u680
l1613,l1613
l1614,u1114
l1616,u491
l1617,u631
l1619,u607
l1621,u613
l1623,l315
l1624,u317
l1626,u884
l1627,u1928
l1629,u511
l1630,l553
l1632,u669
l1633,l321
l1635,u991
l1636,l294
l1637,u936
l1639,u321
l1640,u1836
l1641,l299
l1643,l1643
l1645,l314
l1646,l1646
l1648,u841
l1650,u422
l1651,l681
l1653,l302
l1654,u621
l1656,u333
l1657,l1657
l1659,l1659
l1663,l333
l1667,u890
l1669,l1669
l1670,u465
l1673,l619
l1675,l1675
l1676,u975
l1678,l601
l1679,u830
l1680,l306
l1682,u535
l1684,u774
l1685,l349
l1686,l1686
l1687,l697
l1689,u314
l1690,u491
l1691,u663
l1692,u422
l1693,u1191
l1694,l1694
l1695,l1695
l1696,l539
l1697,u411
l1698,u737
l1699,u535
l1700,l1700
l1701,l1701
l1702,u318
l1703,l504
l1704,u511
l1705,u591
l1706,u688
l1707,u911
l1708,u821
l1709,l1709
l1710,u780
l1711,u1857
l1712,u620
l1713,l1713
l1714,u333
l1715,u700
l1716,l1716
l1717,l294
l1718,u1393
l1719,u613
l1720,u1029
l1721,u631
l1722,u1421
l1723,l1723
l1724,u640
l1725,u607
l1726,u774
l1727,l1727
l1728,u1439
l1729,l1729
l1730,u1815
l1731,u1655
l1732,u1106
l1733,l302
l1734,l1734
l1735,u370
l1736,l683
l1737,u581
l1738,u763
l1739,l365
l1740,u398
l1741,l601
l1742,u670
l1743,u353
l1744,l315
l1745,u991
l1746,u653
l1747,l444
l1748,u1038
l1749,u722
l1750,l1750
l1751,l299
l1752,l1091
l1753,l1377
l1754,l1754
l1755,u943
l1756,l314
l1757,l357
l1758,u884
l1759,u994
l1760,l309
l1761,u643
l1762,l1762
l1763,l464
l1764,l1186
l1765,u926
l1766,u596
l1767,l1767
l1768,u314
l1769,u911
l1770,l1770
l1771,l539
l1772,l1772
l1773,u1655
l1774,u1815
l1775,l1775
l1776,l1226
l1777,u357
l1778,u934
l1779,u428
l1780,u610
l1781,u712
l1782,l1782
l1783,u722
l1784,u1393
l1785,u1756
l1786,u422
l1787,u375
l1788,u843
l1789,l315
l1790,u445
l1791,l1791
l1792,u596
l1793,u884
l1794,u1665
l1795,u1456
l1796,u491
l1797,u763
l1798,u511
l1799,u1857
l1800,u1841
l1801,u664
l1802,l1802
l1803,l302
l1804,l1659
l1805,u613
l1806,u943
l1807,l1275
l1808,l463
l1809,u1439
l1810,u774
l1811,u631
l1812,u353
l1813,l1813
l1814,u994
l1815,l951
l1816,l1816
l1817,u780
l1818,l1818
l1819,l1819
l1820,u1037
l1821,l294
l1822,l1822
l1823,l314
l1824,u318
l1825,u669
l1826,l333
l1827,l1827
l1828,u654
l1829,l789
l1830,l569
l1831,u1610
l1832,l681
l1833,u670
l1834,l1834
l1835,l1835
l1836,l321
l1837,l395
l1838,u683
l1840,l438
l1841,l1643
l1842,u1627
l1843,u1079
l1844,l349
l1845,u461
l1846,u663
l1847,u411
l1848,l1848
l1849,u535
l1850,u1231
l1851,l772
l1852,l263
l1853,l1853
l1854,u683
l1855,u994
l1856,u1139
l1857,u411
l1858,u1106
l1859,l1859
l1860,l294
l1861,u1393
l1862,u314
l1863,l437
l1864,u1114
l1865,l400
l1866,u1178
l1867,u1038
l1868,u1370
l1869,u491
l1870,u1337
l1871,l1871
l1872,u1788
l1873,u1291
l1874,u498
l1875,u1182
l1876,u774
l1877,l1877
l1878,u318
l1879,u1294
l1880,l1091
l1881,l1377
l1882,u1231
l1883,l1883
l1884,l1884
l1885,u654
l1886,u1887
l1887,l375
l1888,l467
l1889,l302
l1890,l476
l1891,l321
l1892,u926
l1893,u535
l1894,l1894
l1895,l299
l1896,l1372
l1897,u610
l1898,u631
l1899,l1899
l1900,u613
l1901,l1901
l1902,u363
l1903,l417
l1904,l951
l1905,u593
l1906,u1655
l1907,l1907
l1908,u1216
l1909,l1909
l1910,u1227
l1911,u599
l1912,u333
l1913,u1079
l1914,u1352
l1915,l1915
l1916,l653
l1917,l471
l1918,u1363
l1919,l1919
l1920,u670
l1921,l965
l1922,l1476
l1923,l333
l1924,u597
l1925,l314
l1926,u643
l1927,l363
l1928,l1835
l1929,l1929
l1930,u830
l1931,l1931
l1932,l1381
l1933,l1933
l1934,l1934
l1935,l1935
l1936,u680
l1937,u398
l1938,u1557
l1939,l1939
l1940,l1370
l1941,u1387
l1942,l374
l1943,u1821
l1945,u314
l1947,u763
l1950,l1950
l1952,u780
l1955,u428
l1957,l1957
l1960,u463
l1961,u490
l1963,u663
l1965,l1130
l1967,l534
l1970,l531
l1972,u1916
l1973,l619
l1975,l275
l1978,l1978
l1980,u591
l1982,u1831
l1984,u1616
l1986,u349
l1987,u593
l1989,u1067
l1991,u498
l1992,u722
l1994,l315
l1996,l294
l1998,l299
l1999,l772
l2001,u712
l2003,u321
l2005,l2005
l2007,l277
l2009,l291
l2012,l2012
l2013,l1370
l2016,l2016
l2018,l438
l2020,u437
l2022,l504
l2024,u513
l2027,l1243
l2029,l2029
l2030,u897
l2032,u314
l2033,l2033
l2034,l263
l2035,u763
l2036,u349
l2037,l504
l2038,l2038
l2039,u1841
l2040,l302
l2041,u1114
l2042,l315
l2043,u599
l2044,l1883
l2045,l294
l2046,l321
l2047,l349
l2048,l357
l2049,u352
l2050,l299
l2051,u654
l2052,u613
l2053,l1275
l2054,l601
l2055,l362
l2056,l309
l2057,l314
l2058,l1380
l2059,u398
l2060,u318
l2061,u610
l2062,u435
l2063,u841
l2064,u1655
l2065,l2065
l2066,l2066
l2067,u411
l2068,l2068
l2069,l1451
l2070,u1029
l2071,u584
l2072,u422
l2073,u843
l2074,u891
l2075,l1827
l2076,u491
l2077,u511
l2078,u1231
l2079,u353
l2080,u621
l2081,u445
l2082,u549
l2083,l975
l2084,l1915
l2085,u596
l2086,l476
l2087,u1648
l2088,u994
l2089,u1182
l2090,u333
l2091,l1186
l2092,u669
l2093,u1788
l2094,l997
l2095,l1488
l2096,u1385
l2097,l2097
l2098,u597
l2099,u943
l2100,u535
l2101,u604
l2102,l2102
l2103,u1038
l2104,u981
l2105,l2105
l2106,u1421
l2107,l2107
l2108,u763
l2109,u314
l2110,u498
l2111,l397
l2112,u513
l2113,u375
l2114,u1764
l2115,u986
l2116,l556
l2117,l2117
l2118,l2118
l2119,l2119
l2120,l2120
l2121,l2121
l2122,u428
l2123,l2123
l2124,l1271
l2125,u1439
l2126,u1479
l2127,l357
l2128,l534
l2129,l263
l2130,l321
l2131,u670
l2132,u349
l2133,l438
l2134,u1114
l2135,l601
l2136,u463
l2137,l1380
l2138,l2138
l2139,u846
l2140,l1370
l2141,l2141
l2142,l2142
l2143,l2143
l2144,l2144
l2145,l1934
l2146,u680
l2147,l1352
l2148,l302
l2150,l349
l2151,l772
l2152,l2152
l2153,l2153
l2154,u398
l2155,u1366
l2156,u494
l2157,u1887
l2158,u353
l2159,u669
l2160,l2160
l2161,l276
l2162,l2162
l2163,u841
l2164,u610
l2165,l1542
l2166,u574
l2167,u596
l2168,u717
l2169,u422
l2170,l2170
l2171,u1857
l2172,l2172
l2173,u491
l2174,l2174
l2175,l1835
l2176,u333
l2177,u318
l2178,l2178
l2179,l2179
l2180,l476
l2181,l2181
l2182,u821
l2183,u994
l2184,l1520
l2185,u411
l2186,l1589
l2187,u1009
l2188,l2188
l2189,u1038
l2190,u643
l2191,u1357
l2192,u403
l2193,l715
l2194,l2194
l2195,u317
l2196,u1557
l2197,l964
l2198,l2198
l2199,l462
l2200,l2200
l2201,l2201
l2202,l2202
l2203,u1079
l2204,u498
l2205,u314
l2206,l504
l2207,l2207
l2208,l2208
l2209,u375
l2210,u591
l2211,u763
l2212,l1226
l2213,u1616
l2214,l275
l2215,u490
l2216,l294
l2217,l315
l2218,l619
l2219,l333
l2220,l321
l2221,u613
l2222,u631
l2223,l766
l2224,l951
l2225,u1479
l2226,u607
l2227,l962
l2228,u680
l2229,u428
l2230,l2230
l2231,l263
l2232,l2232
l2233,l2233
l2234,l359
l2235,l2235
l2236,l569
l2237,l345
l2238,l302
l2239,l2239
l2240,l1934
l2241,u683
l2242,l1381
l2243,l357
l2244,l1834
l2245,l363
l2255,u688
l2256,u610
l2257,l2257
l2258,u318
l2259,u821
l2260,u1191
l2261,l437
l2262,u511
l2263,u669
l2264,l2264
l2265,u1836
l2266,u1421
l2267,u494
l2268,u462
l2269,l2269
l2270,u586
l2271,l2198
l2272,u610
l2273,u610
l2274,l2274
l2275,u1107
l2276,u688
l2277,l1669
l2278,l2278
l2279,u610
l2280,l2280
l2281,u511
l2282,l2282
l2283,l2283
l2284,u943
l2285,u1557
l2286,u604
l2287,u318
l2288,l2288
l2289,l2289
l2290,u594
l2291,l342
l2292,l2292
l2293,u494
l2294,u718
l2295,u491
l2296,u333
l2297,u333
l2298,u934
l2299,l683
l2300,u511
l2301,u1858
l2302,l1451
l2303,u669
l2304,u1397
l2305,u1788
l2306,u535
l2307,u1048
l2308,l2308
l2309,u398
l2310,u994
l2311,l2311
l2312,l2312
l2313,u1079
l2314,u841
l2315,u317
l2316,u596
l2317,u318
l2318,u1655
l2319,l471
l2320,u411
l2321,u884
l2322,u1038
l2323,u317
l2324,u398
l2325,l467
l2326,l2326
l2327,l2327
l2328,u1079
l2329,u422
l2330,u890
l2331,u883
l2332,u581
l2333,l2333
l2334,l2334
l2335,l2335
l2336,u688
l2337,u403
l2338,u318
l2339,u943
l2340,l2340
l2341,u597
l2342,l2342
l2343,u422
l2344,u774
l2345,l2345
l2346,l2346
l2347,l2347
l2348,l2348
l2349,u1557
l2350,l2350
l2351,u1788
l2352,l2352
l2353,l2353
l2354,u1648
l2355,u774
l2356,u1079
l2357,u422
l2358,u994
l2359,u774
l2360,l2360
l2361,l2361
l2362,l965
l2363,u398
l2364,l2364
l2365,u1029
l2366,l1489
l2367,u491
l2386,u490
l2387,u911
l2389,u1038
l2391,u314
l2392,u314
l2394,u1926
l2395,u511
l2397,u780
l2398,l504
l2400,u883
l2403,u349
l2404,l2404
l2405,l1669
l2409,u796
l2410,u591
l2411,u994
l2414,l2029
l2416,l2416
l2417,l2417
l2418,u1858
l2420,u722
l2421,u763
l2422,l2422
l2425,l315
l2427,l2427
l2429,u1826
l2430,l294
l2432,l420
l2434,l2434
l2435,l2435
l2438,l299
l2439,u584
l2441,l1334
l2443,l2443
l2444,u884
l2446,u375
l2448,u1048
l2449,u1788
l2451,l314
l2452,l2452
l2454,l2454
l2455,l504
l2456,u317
l2458,l357
l2459,u704
l2460,l2460
l2463,l2463
l2465,l1271
l2467,u491
l2468,l1002
l2469,u613
l2472,l2472
l2473,l294
l2475,u610
l2476,u631
l2478,u1439
l2480,u318
l2481,u623
l2482,u943
l2484,u621
l2486,l951
l2487,l444
l2489,l2489
l2490,l321
l2492,l716
l2493,l2493
l2494,l1380
l2496,l263
l2497,u411
l2499,l315
l2502,l2502
l2504,u398
l2505,l314
l2510,l1067
l2512,l2512
l2515,u352
l2516,l2516
l2519,l357
l2521,u1335
l2522,l569
l2525,u683
l2528,u607
l2529,l2529
l2532,l951
l2533,l333
l2536,u1839
l2537,l302
l2538,u1114
l2540,u604
l2545,u353
l2546,l444
l2547,l363
l2550,u422
l2551,l263
l2554,l1381
l2555,u1836
l2558,l2558
l2560,l2560
l2561,u334
l2563,l321
l2564,u670
l2566,l2566
l2569,l349
l2570,u1106
l2575,l772
l2577,u314
l2578,l767
l2580,u610
l2581,u428
l2583,u411
l2584,l282
l2585,u314
l2587,u883
l2588,l263
l2590,u463
l2591,u498
l2592,l1853
l2593,l302
l2595,u763
l2596,u318
l2597,u763
l2599,u422
l2600,l2600
l2601,u498
l2603,u398
l2604,l2604
l2605,l2605
l2606,l2606
l2608,u463
l2609,l539
l2610,u986
l2611,l2611
l2612,l2612
l2613,u591
l2615,l2615
l2616,u1831
l2617,u609
l2619,l2619
l2620,l2620
l2621,l2621
l2622,l1451
l2623,u631
l2624,l294
l2625,u491
l2627,u670
l2628,u737
l2630,u774
l2631,u613
l2632,u349
l2634,l2634
l2635,l321
l2637,u1439
l2639,u1930
l2640,l2640
l2641,l2641
l2643,u654
l2644,l315
l2646,u353
l2647,l349
l2649,l314
l2650,l294
l2651,l2651
l2653,l302
l2654,l2654
l2656,u975
l2657,l2657
l2659,l321
l2660,u890
l2661,l263
l2663,l2663
l2664,l1380
l2666,u1826
l2667,u349
l2669,u722
l2670,u683
l2671,u1038
l2673,u1048
l2674,l2674
l2675,l2232
l2677,u712
l2678,u1015
l2679,u891
l2680,u513
l2682,u884
l2683,l2208
l2684,u1655
l2686,l2686
l2687,l2687
l2688,l314
l2689,u1029
l2690,l2690
l2691,u994
l2692,u428
l2693,l333
l2694,l2694
l2695,u1072
l2696,u943
l2697,l345
l2698,u511
l2699,l1934
l2700,l444
l2701,u445
l2703,u1887
l2704,l1381
l2705,l601
l2706,u936
l2707,l619
l2708,l2708
l2709,u701
l2710,l309
l2711,u737
l2712,u690
l2713,l2713
l2714,l357
l2715,l1377
l2716,u654
l2717,l695
l2718,l365
l2719,l2719
l2720,u1648
l2721,u314
l2722,l2722
l2723,u465
l2724,u737
l2725,l979
l2726,u333
l2727,l2727
l2728,l2728
l2729,u491
l2730,u511
l2731,u463
l2732,l2732
l2733,u422
l2734,l2734
l2735,u428
l2736,l2736
l2737,u1029
l2738,l626
l2739,l2739
l2740,l2740
l2741,u610
l2742,l2742
l2743,u596
l2744,l914
l2745,l2745
l2746,u1449
l2747,u596
l2748,u375
l2749,u1335
l2750,u763
l2751,u333
l2752,l2752
l2753,l1686
l2754,l277
l2755,l471
l2756,l400
l2757,l315
l2758,l400
l2759,l473
l2760,l284
l2761,u1788
l2762,l2066
l2763,l2763
l2764,u411
l2765,l294
l2766,u621
l2767,l1510
l2768,u712
l2769,u1231
l2770,l310
l2771,l2771
l2772,l365
l2773,l2773
l2774,l2774
l2775,l601
l2776,l1520
l2777,u613
l2778,l2778
l2779,u1079
l2780,u631
l2781,u435
l2782,u1479
l2783,u1299
l2784,u607
l2785,l2785
l2786,u643
l2787,l2787
l2788,l2788
l2789,u1307
l2790,l2790
l2791,l1451
l2792,l2792
l2793,l299
l2794,l2794
l2795,u1401
l2796,l2796
l2797,u318
l2798,l357
l2799,l474
l2800,u349
l2801,l1539
l2802,u890
l2803,u498
l2804,l2804
l2805,u398
l2806,u461
l2807,l2807
l2808,u353
l2809,l2809
l2810,l2810
l2811,l2811
l2812,u936
l2813,u1858
l2814,l2327
l2815,l314
l2816,u1788
l2817,l2516
l2818,u774
l2819,l2819
l2820,u1823
l2821,u841
l2822,l2822
l2823,l2823
l2824,l333
l2825,l2825
l2826,u1908
l2827,u663
l2828,l2828
l2829,l2283
l2830,l2830
l2831,l2831
l2832,l1589
l2833,l2833
l2834,l2834
l2835,u620
l2836,l1827
l2837,l2837
l2838,l2838
l2839,l1835
l2840,l2840
l2841,l2841
l2842,u355
l2843,l2843
l2845,l2845
l2848,l474
l2960,u314
l2961,u1009
l2962,l2962
l2963,u884
l2964,l2964
l2965,u610
l2966,l2966
l2967,u994
l2968,u428
l2969,u883
l2970,l2198
l2971,l2971
l2972,u780
l2973,u1655
l2974,u763
l2975,l1451
l2976,u669
l2977,u581
l2978,u445
l2979,l2033
l2980,l2980
l2981,l2188
l2982,u1821
l2983,u1788
l2984,l767
l2985,u349
l2986,u411
l2987,u318
l2988,u1537
l2989,u596
l2990,u1557
l2991,l2991
l2992,u653
l2993,u463
l2994,l263
l2995,u317
l2996,u491
l2997,u398
l2998,l2998
l2999,u398
l3000,u511
l3001,u613
l3002,u422
l3003,l3003
l3004,u631
l3005,l3005
l3006,u610
l3007,u943
l3008,l554
l3009,u643
l3010,u1079
l3011,l3011
l3012,u491
l3013,l3013
l3014,u1439
l3015,u1648
l3016,u574
l3017,u1367
l3018,l2641
l3019,u1461
l3020,l3020
l3021,l3021
l3022,u688
l3023,l2828
l3024,l653
l3025,u1107
l3026,l1186
l3027,l1352
l3028,l2107
l3029,l302
l3030,l3030
l3031,l3031
l3032,l1520
l3033,u535
l3034,l294
l3035,l2734
l3036,l3036
l3037,l1370
l3038,l2066
l3039,l3039
l3040,l438
l3041,l400
l3042,l3042
l3043,l504
l3044,l3044
l3045,l2489
l3046,l321
l3047,l1372
l3048,l3048
l3049,u994
l3050,l349
l3051,l3051
l3052,u1307
l3053,u683
l3054,l3054
l3055,l1380
l3056,l3056
l3057,l3057
l3058,l375
l3060,l3060
l3061,l3061
l3062,l3062
l3063,l3063
l3064,u1038
l3065,l695
l3066,u581
l3067,u680
l3068,l3068
l3069,u830
l3070,l3070
l3071,u712
l3072,u511
l3073,l3073
l3074,u333
l3075,l772
l3077,u670
l3078,l2785
l3079,l3079
l3080,u596
l3081,l3081
l3082,l3082
l3083,l3083
l3084,l3084
l3085,l3085
l3086,l975
l3087,l3087
l3088,u318
l3089,l3089
l3090,u704
l3091,l975
l3092,u660
l3093,l3093
l3094,l1091
l3095,l3095
l3096,l601
